"","Year","RLR","Quality","NUll","id","lat","lon","name","coastline_code","station_code","quality","NAP"
"1",1848,6670,"N",0,9,51.9175,4.249722,"MAASSLUIS",150,61,"N",-105
"2",1849,6666,"N",0,9,51.9175,4.249722,"MAASSLUIS",150,61,"N",-109
"3",1850,6707,"N",0,9,51.9175,4.249722,"MAASSLUIS",150,61,"N",-68
"4",1851,6695,"N",0,9,51.9175,4.249722,"MAASSLUIS",150,61,"N",-80
"5",1852,6711,"N",0,9,51.9175,4.249722,"MAASSLUIS",150,61,"N",-64
"6",1853,6660,"N",0,9,51.9175,4.249722,"MAASSLUIS",150,61,"N",-115
"7",1854,6711,"N",0,9,51.9175,4.249722,"MAASSLUIS",150,61,"N",-64
"8",1855,6660,"N",0,9,51.9175,4.249722,"MAASSLUIS",150,61,"N",-115
"9",1856,6677,"N",0,9,51.9175,4.249722,"MAASSLUIS",150,61,"N",-98
"10",1857,6592,"N",0,9,51.9175,4.249722,"MAASSLUIS",150,61,"N",-183
"11",1858,6597,"N",0,9,51.9175,4.249722,"MAASSLUIS",150,61,"N",-178
"12",1859,6700,"N",0,9,51.9175,4.249722,"MAASSLUIS",150,61,"N",-75
"13",1860,6752,"N",0,9,51.9175,4.249722,"MAASSLUIS",150,61,"N",-23
"14",1861,6717,"N",0,9,51.9175,4.249722,"MAASSLUIS",150,61,"N",-58
"15",1862,6711,"N",0,9,51.9175,4.249722,"MAASSLUIS",150,61,"N",-64
"16",1863,6720,"N",0,9,51.9175,4.249722,"MAASSLUIS",150,61,"N",-55
"17",1864,6643,"N",0,9,51.9175,4.249722,"MAASSLUIS",150,61,"N",-132
"18",1865,6660,"N",0,9,51.9175,4.249722,"MAASSLUIS",150,61,"N",-115
"19",1866,6791,"N",0,9,51.9175,4.249722,"MAASSLUIS",150,61,"N",16
"20",1867,6836,"N",0,9,51.9175,4.249722,"MAASSLUIS",150,61,"N",61
"21",1868,6759,"N",0,9,51.9175,4.249722,"MAASSLUIS",150,61,"N",-16
"22",1869,6784,"N",0,9,51.9175,4.249722,"MAASSLUIS",150,61,"N",9
"23",1870,6699,"N",0,9,51.9175,4.249722,"MAASSLUIS",150,61,"N",-76
"24",1871,6730,"N",0,9,51.9175,4.249722,"MAASSLUIS",150,61,"N",-45
"25",1872,6740,"N",0,9,51.9175,4.249722,"MAASSLUIS",150,61,"N",-35
"26",1873,6711,"N",0,9,51.9175,4.249722,"MAASSLUIS",150,61,"N",-64
"27",1874,6677,"N",0,9,51.9175,4.249722,"MAASSLUIS",150,61,"N",-98
"28",1875,6595,"N",0,9,51.9175,4.249722,"MAASSLUIS",150,61,"N",-180
"29",1876,6696,"N",0,9,51.9175,4.249722,"MAASSLUIS",150,61,"N",-79
"30",1877,6778,"N",0,9,51.9175,4.249722,"MAASSLUIS",150,61,"N",3
"31",1878,6806,"N",0,9,51.9175,4.249722,"MAASSLUIS",150,61,"N",31
"32",1879,6713,"N",0,9,51.9175,4.249722,"MAASSLUIS",150,61,"N",-62
"33",1880,6716,"N",0,9,51.9175,4.249722,"MAASSLUIS",150,61,"N",-59
"34",1881,6681,"N",0,9,51.9175,4.249722,"MAASSLUIS",150,61,"N",-94
"35",1882,6719,"N",0,9,51.9175,4.249722,"MAASSLUIS",150,61,"N",-56
"36",1883,6724,"N",0,9,51.9175,4.249722,"MAASSLUIS",150,61,"N",-51
"37",1884,6685,"N",0,9,51.9175,4.249722,"MAASSLUIS",150,61,"N",-90
"38",1885,6684,"N",0,9,51.9175,4.249722,"MAASSLUIS",150,61,"N",-91
"39",1886,6683,"N",0,9,51.9175,4.249722,"MAASSLUIS",150,61,"N",-92
"40",1887,6671,"N",0,9,51.9175,4.249722,"MAASSLUIS",150,61,"N",-104
"41",1888,6708,"N",0,9,51.9175,4.249722,"MAASSLUIS",150,61,"N",-67
"42",1889,6743,"N",0,9,51.9175,4.249722,"MAASSLUIS",150,61,"N",-32
"43",1890,6723,"N",0,9,51.9175,4.249722,"MAASSLUIS",150,61,"N",-52
"44",1891,6707,"N",0,9,51.9175,4.249722,"MAASSLUIS",150,61,"N",-68
"45",1892,6724,"N",0,9,51.9175,4.249722,"MAASSLUIS",150,61,"N",-51
"46",1893,6738,"N",0,9,51.9175,4.249722,"MAASSLUIS",150,61,"N",-37
"47",1894,6737,"N",0,9,51.9175,4.249722,"MAASSLUIS",150,61,"N",-38
"48",1895,6701,"N",0,9,51.9175,4.249722,"MAASSLUIS",150,61,"N",-74
"49",1896,6728,"N",0,9,51.9175,4.249722,"MAASSLUIS",150,61,"N",-47
"50",1897,6760,"N",0,9,51.9175,4.249722,"MAASSLUIS",150,61,"N",-15
"51",1898,6786,"N",0,9,51.9175,4.249722,"MAASSLUIS",150,61,"N",11
"52",1899,6782,"N",0,9,51.9175,4.249722,"MAASSLUIS",150,61,"N",7
"53",1900,6734,"N",0,9,51.9175,4.249722,"MAASSLUIS",150,61,"N",-41
"54",1901,6745,"N",0,9,51.9175,4.249722,"MAASSLUIS",150,61,"N",-30
"55",1902,6737,"N",0,9,51.9175,4.249722,"MAASSLUIS",150,61,"N",-38
"56",1903,6811,"N",0,9,51.9175,4.249722,"MAASSLUIS",150,61,"N",36
"57",1904,6761,"N",0,9,51.9175,4.249722,"MAASSLUIS",150,61,"N",-14
"58",1905,6749,"N",0,9,51.9175,4.249722,"MAASSLUIS",150,61,"N",-26
"59",1906,6782,"N",0,9,51.9175,4.249722,"MAASSLUIS",150,61,"N",7
"60",1907,6730,"N",0,9,51.9175,4.249722,"MAASSLUIS",150,61,"N",-45
"61",1908,6720,"N",0,9,51.9175,4.249722,"MAASSLUIS",150,61,"N",-55
"62",1909,6765,"N",0,9,51.9175,4.249722,"MAASSLUIS",150,61,"N",-10
"63",1910,6833,"N",0,9,51.9175,4.249722,"MAASSLUIS",150,61,"N",58
"64",1911,6774,"N",0,9,51.9175,4.249722,"MAASSLUIS",150,61,"N",-1
"65",1912,6832,"N",0,9,51.9175,4.249722,"MAASSLUIS",150,61,"N",57
"66",1913,6819,"N",0,9,51.9175,4.249722,"MAASSLUIS",150,61,"N",44
"67",1914,6863,"N",0,9,51.9175,4.249722,"MAASSLUIS",150,61,"N",88
"68",1915,6814,"N",0,9,51.9175,4.249722,"MAASSLUIS",150,61,"N",39
"69",1916,6864,"N",0,9,51.9175,4.249722,"MAASSLUIS",150,61,"N",89
"70",1917,6805,"N",0,9,51.9175,4.249722,"MAASSLUIS",150,61,"N",30
"71",1918,6806,"N",0,9,51.9175,4.249722,"MAASSLUIS",150,61,"N",31
"72",1919,6819,"N",0,9,51.9175,4.249722,"MAASSLUIS",150,61,"N",44
"73",1920,6770,"N",0,9,51.9175,4.249722,"MAASSLUIS",150,61,"N",-5
"74",1921,6735,"N",0,9,51.9175,4.249722,"MAASSLUIS",150,61,"N",-40
"75",1922,6777,"N",0,9,51.9175,4.249722,"MAASSLUIS",150,61,"N",2
"76",1923,6792,"N",0,9,51.9175,4.249722,"MAASSLUIS",150,61,"N",17
"77",1924,6801,"N",0,9,51.9175,4.249722,"MAASSLUIS",150,61,"N",26
"78",1925,6823,"N",0,9,51.9175,4.249722,"MAASSLUIS",150,61,"N",48
"79",1926,6850,"N",0,9,51.9175,4.249722,"MAASSLUIS",150,61,"N",75
"80",1927,6813,"N",0,9,51.9175,4.249722,"MAASSLUIS",150,61,"N",38
"81",1928,6800,"N",0,9,51.9175,4.249722,"MAASSLUIS",150,61,"N",25
"82",1929,6745,"N",0,9,51.9175,4.249722,"MAASSLUIS",150,61,"N",-30
"83",1930,6813,"N",0,9,51.9175,4.249722,"MAASSLUIS",150,61,"N",38
"84",1931,6835,"N",0,9,51.9175,4.249722,"MAASSLUIS",150,61,"N",60
"85",1932,6786,"N",0,9,51.9175,4.249722,"MAASSLUIS",150,61,"N",11
"86",1933,6728,"N",0,9,51.9175,4.249722,"MAASSLUIS",150,61,"N",-47
"87",1934,6741,"N",0,9,51.9175,4.249722,"MAASSLUIS",150,61,"N",-34
"88",1935,6807,"N",0,9,51.9175,4.249722,"MAASSLUIS",150,61,"N",32
"89",1936,6818,"N",0,9,51.9175,4.249722,"MAASSLUIS",150,61,"N",43
"90",1937,6827,"N",0,9,51.9175,4.249722,"MAASSLUIS",150,61,"N",52
"91",1938,6788,"N",0,9,51.9175,4.249722,"MAASSLUIS",150,61,"N",13
"92",1939,6818,"N",0,9,51.9175,4.249722,"MAASSLUIS",150,61,"N",43
"93",1940,6825,"N",0,9,51.9175,4.249722,"MAASSLUIS",150,61,"N",50
"94",1941,6800,"N",0,9,51.9175,4.249722,"MAASSLUIS",150,61,"N",25
"95",1942,6772,"N",0,9,51.9175,4.249722,"MAASSLUIS",150,61,"N",-3
"96",1943,6801,"N",0,9,51.9175,4.249722,"MAASSLUIS",150,61,"N",26
"97",1944,6838,"N",0,9,51.9175,4.249722,"MAASSLUIS",150,61,"N",63
"98",1945,6852,"N",0,9,51.9175,4.249722,"MAASSLUIS",150,61,"N",77
"99",1946,6851,"N",0,9,51.9175,4.249722,"MAASSLUIS",150,61,"N",76
"100",1947,6770,"N",0,9,51.9175,4.249722,"MAASSLUIS",150,61,"N",-5
"101",1948,6851,"N",0,9,51.9175,4.249722,"MAASSLUIS",150,61,"N",76
"102",1949,6833,"N",0,9,51.9175,4.249722,"MAASSLUIS",150,61,"N",58
"103",1950,6863,"N",0,9,51.9175,4.249722,"MAASSLUIS",150,61,"N",88
"104",1951,6839,"N",0,9,51.9175,4.249722,"MAASSLUIS",150,61,"N",64
"105",1952,6887,"N",0,9,51.9175,4.249722,"MAASSLUIS",150,61,"N",112
"106",1953,6804,"N",0,9,51.9175,4.249722,"MAASSLUIS",150,61,"N",29
"107",1954,6823,"N",0,9,51.9175,4.249722,"MAASSLUIS",150,61,"N",48
"108",1955,6879,"N",0,9,51.9175,4.249722,"MAASSLUIS",150,61,"N",104
"109",1956,6807,"N",0,9,51.9175,4.249722,"MAASSLUIS",150,61,"N",32
"110",1957,6818,"N",0,9,51.9175,4.249722,"MAASSLUIS",150,61,"N",43
"111",1958,6844,"N",0,9,51.9175,4.249722,"MAASSLUIS",150,61,"N",69
"112",1959,6764,"N",0,9,51.9175,4.249722,"MAASSLUIS",150,61,"N",-11
"113",1960,6850,"N",0,9,51.9175,4.249722,"MAASSLUIS",150,61,"N",75
"114",1961,6896,"N",0,9,51.9175,4.249722,"MAASSLUIS",150,61,"N",121
"115",1962,6847,"N",0,9,51.9175,4.249722,"MAASSLUIS",150,61,"N",72
"116",1963,6798,"N",0,9,51.9175,4.249722,"MAASSLUIS",150,61,"N",23
"117",1964,6798,"N",0,9,51.9175,4.249722,"MAASSLUIS",150,61,"N",23
"118",1965,6915,"N",0,9,51.9175,4.249722,"MAASSLUIS",150,61,"N",140
"119",1966,6950,"N",0,9,51.9175,4.249722,"MAASSLUIS",150,61,"N",175
"120",1967,6916,"N",0,9,51.9175,4.249722,"MAASSLUIS",150,61,"N",141
"121",1968,6841,"N",0,9,51.9175,4.249722,"MAASSLUIS",150,61,"N",66
"122",1969,6807,"N",0,9,51.9175,4.249722,"MAASSLUIS",150,61,"N",32
"123",1970,6874,"N",0,9,51.9175,4.249722,"MAASSLUIS",150,61,"N",99
"124",1971,6851,"N",0,9,51.9175,4.249722,"MAASSLUIS",150,61,"N",76
"125",1972,6820,"N",0,9,51.9175,4.249722,"MAASSLUIS",150,61,"N",45
"126",1973,6878,"N",0,9,51.9175,4.249722,"MAASSLUIS",150,61,"N",103
"127",1974,6899,"N",0,9,51.9175,4.249722,"MAASSLUIS",150,61,"N",124
"128",1975,6857,"N",0,9,51.9175,4.249722,"MAASSLUIS",150,61,"N",82
"129",1976,6813,"N",0,9,51.9175,4.249722,"MAASSLUIS",150,61,"N",38
"130",1977,6875,"N",0,9,51.9175,4.249722,"MAASSLUIS",150,61,"N",100
"131",1978,6882,"N",0,9,51.9175,4.249722,"MAASSLUIS",150,61,"N",107
"132",1979,6888,"N",0,9,51.9175,4.249722,"MAASSLUIS",150,61,"N",113
"133",1980,6900,"N",0,9,51.9175,4.249722,"MAASSLUIS",150,61,"N",125
"134",1981,6933,"N",0,9,51.9175,4.249722,"MAASSLUIS",150,61,"N",158
"135",1982,6919,"N",0,9,51.9175,4.249722,"MAASSLUIS",150,61,"N",144
"136",1983,6934,"N",0,9,51.9175,4.249722,"MAASSLUIS",150,61,"N",159
"137",1984,6897,"N",0,9,51.9175,4.249722,"MAASSLUIS",150,61,"N",122
"138",1985,6892,"N",0,9,51.9175,4.249722,"MAASSLUIS",150,61,"N",117
"139",1986,6911,"N",0,9,51.9175,4.249722,"MAASSLUIS",150,61,"N",136
"140",1987,6925,"N",0,9,51.9175,4.249722,"MAASSLUIS",150,61,"N",150
"141",1988,6975,"N",0,9,51.9175,4.249722,"MAASSLUIS",150,61,"N",200
"142",1989,6930,"N",0,9,51.9175,4.249722,"MAASSLUIS",150,61,"N",155
"143",1990,6947,"N",0,9,51.9175,4.249722,"MAASSLUIS",150,61,"N",172
"144",1991,6854,"N",0,9,51.9175,4.249722,"MAASSLUIS",150,61,"N",79
"145",1992,6906,"N",0,9,51.9175,4.249722,"MAASSLUIS",150,61,"N",131
"146",1993,6909,"N",0,9,51.9175,4.249722,"MAASSLUIS",150,61,"N",134
"147",1994,6947,"N",0,9,51.9175,4.249722,"MAASSLUIS",150,61,"N",172
"148",1995,6954,"N",0,9,51.9175,4.249722,"MAASSLUIS",150,61,"N",179
"149",1996,6837,"N",0,9,51.9175,4.249722,"MAASSLUIS",150,61,"N",62
"150",1997,6867,"N",0,9,51.9175,4.249722,"MAASSLUIS",150,61,"N",92
"151",1998,6939,"N",0,9,51.9175,4.249722,"MAASSLUIS",150,61,"N",164
"152",1999,6945,"N",0,9,51.9175,4.249722,"MAASSLUIS",150,61,"N",170
"153",2000,6938,"N",0,9,51.9175,4.249722,"MAASSLUIS",150,61,"N",163
"154",2001,6958,"N",0,9,51.9175,4.249722,"MAASSLUIS",150,61,"N",183
"155",2002,6943,"N",0,9,51.9175,4.249722,"MAASSLUIS",150,61,"N",168
"156",2003,6907,"N",0,9,51.9175,4.249722,"MAASSLUIS",150,61,"N",132
"157",2004,6938,"N",0,9,51.9175,4.249722,"MAASSLUIS",150,61,"N",163
"158",2005,6923,"N",0,9,51.9175,4.249722,"MAASSLUIS",150,61,"N",124
"159",2006,6928,"N",0,9,51.9175,4.249722,"MAASSLUIS",150,61,"N",129
"160",2007,6983,"N",0,9,51.9175,4.249722,"MAASSLUIS",150,61,"N",184
"161",2008,6954,"N",0,9,51.9175,4.249722,"MAASSLUIS",150,61,"N",155
"162",2009,6926,"N",0,9,51.9175,4.249722,"MAASSLUIS",150,61,"N",127
"163",2010,6942,"N",0,9,51.9175,4.249722,"MAASSLUIS",150,61,"N",143
"164",2011,6938,"N",0,9,51.9175,4.249722,"MAASSLUIS",150,61,"N",139
"165",2012,6944,"N",0,9,51.9175,4.249722,"MAASSLUIS",150,61,"N",145
"166",2013,6929,"N",0,9,51.9175,4.249722,"MAASSLUIS",150,61,"N",130
"167",2014,6957,"N",0,9,51.9175,4.249722,"MAASSLUIS",150,61,"N",158
"168",2015,6967,"N",0,9,51.9175,4.249722,"MAASSLUIS",150,61,"N",168
"169",2016,6972,"N",0,9,51.9175,4.249722,"MAASSLUIS",150,61,"N",173
"170",2017,6989,"N",0,9,51.9175,4.249722,"MAASSLUIS",150,61,"N",190
"171",2018,6929,"N",0,9,51.9175,4.249722,"MAASSLUIS",150,61,"N",130
"172",1862,6788,"N",0,20,51.442222,3.596111,"VLISSINGEN",150,101,"N",-112
"173",1863,6769,"N",0,20,51.442222,3.596111,"VLISSINGEN",150,101,"N",-131
"174",1864,6734,"N",0,20,51.442222,3.596111,"VLISSINGEN",150,101,"N",-166
"175",1865,6763,"N",0,20,51.442222,3.596111,"VLISSINGEN",150,101,"N",-137
"176",1866,6835,"N",0,20,51.442222,3.596111,"VLISSINGEN",150,101,"N",-65
"177",1867,6834,"N",0,20,51.442222,3.596111,"VLISSINGEN",150,101,"N",-66
"178",1868,6826,"N",0,20,51.442222,3.596111,"VLISSINGEN",150,101,"N",-74
"179",1869,6828,"N",0,20,51.442222,3.596111,"VLISSINGEN",150,101,"N",-72
"180",1870,6762,"N",0,20,51.442222,3.596111,"VLISSINGEN",150,101,"N",-138
"181",1871,6758,"N",0,20,51.442222,3.596111,"VLISSINGEN",150,101,"N",-142
"182",1872,6798,"N",0,20,51.442222,3.596111,"VLISSINGEN",150,101,"N",-102
"183",1873,6803,"N",0,20,51.442222,3.596111,"VLISSINGEN",150,101,"N",-97
"184",1874,6786,"N",0,20,51.442222,3.596111,"VLISSINGEN",150,101,"N",-114
"185",1875,6758,"N",0,20,51.442222,3.596111,"VLISSINGEN",150,101,"N",-142
"186",1876,6813,"N",0,20,51.442222,3.596111,"VLISSINGEN",150,101,"N",-87
"187",1877,6857,"N",0,20,51.442222,3.596111,"VLISSINGEN",150,101,"N",-43
"188",1878,6827,"N",0,20,51.442222,3.596111,"VLISSINGEN",150,101,"N",-73
"189",1879,6786,"N",0,20,51.442222,3.596111,"VLISSINGEN",150,101,"N",-114
"190",1880,6811,"N",0,20,51.442222,3.596111,"VLISSINGEN",150,101,"N",-89
"191",1881,6782,"N",0,20,51.442222,3.596111,"VLISSINGEN",150,101,"N",-118
"192",1882,6766,"N",0,20,51.442222,3.596111,"VLISSINGEN",150,101,"N",-134
"193",1883,6759,"N",0,20,51.442222,3.596111,"VLISSINGEN",150,101,"N",-141
"194",1884,6744,"N",0,20,51.442222,3.596111,"VLISSINGEN",150,101,"N",-156
"195",1885,6723,"N",0,20,51.442222,3.596111,"VLISSINGEN",150,101,"N",-177
"196",1886,6720,"N",0,20,51.442222,3.596111,"VLISSINGEN",150,101,"N",-180
"197",1887,6641,"N",0,20,51.442222,3.596111,"VLISSINGEN",150,101,"N",-259
"198",1888,6607,"N",0,20,51.442222,3.596111,"VLISSINGEN",150,101,"N",-293
"199",1889,6655,"N",0,20,51.442222,3.596111,"VLISSINGEN",150,101,"N",-245
"200",1890,6678,"N",0,20,51.442222,3.596111,"VLISSINGEN",150,101,"N",-222
"201",1891,6650,"N",0,20,51.442222,3.596111,"VLISSINGEN",150,101,"N",-250
"202",1892,6651,"N",0,20,51.442222,3.596111,"VLISSINGEN",150,101,"N",-249
"203",1893,6677,"N",0,20,51.442222,3.596111,"VLISSINGEN",150,101,"N",-223
"204",1894,6726,"N",0,20,51.442222,3.596111,"VLISSINGEN",150,101,"N",-174
"205",1895,6710,"N",0,20,51.442222,3.596111,"VLISSINGEN",150,101,"N",-190
"206",1896,6690,"N",0,20,51.442222,3.596111,"VLISSINGEN",150,101,"N",-210
"207",1897,6669,"N",0,20,51.442222,3.596111,"VLISSINGEN",150,101,"N",-231
"208",1898,6701,"N",0,20,51.442222,3.596111,"VLISSINGEN",150,101,"N",-199
"209",1899,6709,"N",0,20,51.442222,3.596111,"VLISSINGEN",150,101,"N",-191
"210",1900,6655,"N",0,20,51.442222,3.596111,"VLISSINGEN",150,101,"N",-245
"211",1901,6622,"N",0,20,51.442222,3.596111,"VLISSINGEN",150,101,"N",-278
"212",1902,6607,"N",0,20,51.442222,3.596111,"VLISSINGEN",150,101,"N",-293
"213",1903,6752,"N",0,20,51.442222,3.596111,"VLISSINGEN",150,101,"N",-148
"214",1904,6739,"N",0,20,51.442222,3.596111,"VLISSINGEN",150,101,"N",-161
"215",1905,6710,"N",0,20,51.442222,3.596111,"VLISSINGEN",150,101,"N",-190
"216",1906,6718,"N",0,20,51.442222,3.596111,"VLISSINGEN",150,101,"N",-182
"217",1907,6728,"N",0,20,51.442222,3.596111,"VLISSINGEN",150,101,"N",-172
"218",1908,6726,"N",0,20,51.442222,3.596111,"VLISSINGEN",150,101,"N",-174
"219",1909,6752,"N",0,20,51.442222,3.596111,"VLISSINGEN",150,101,"N",-148
"220",1910,6759,"N",0,20,51.442222,3.596111,"VLISSINGEN",150,101,"N",-141
"221",1911,6721,"N",0,20,51.442222,3.596111,"VLISSINGEN",150,101,"N",-179
"222",1912,6776,"N",0,20,51.442222,3.596111,"VLISSINGEN",150,101,"N",-124
"223",1913,6770,"N",0,20,51.442222,3.596111,"VLISSINGEN",150,101,"N",-130
"224",1914,6746,"N",0,20,51.442222,3.596111,"VLISSINGEN",150,101,"N",-154
"225",1915,6717,"N",0,20,51.442222,3.596111,"VLISSINGEN",150,101,"N",-183
"226",1916,6762,"N",0,20,51.442222,3.596111,"VLISSINGEN",150,101,"N",-138
"227",1917,6748,"N",0,20,51.442222,3.596111,"VLISSINGEN",150,101,"N",-152
"228",1918,6709,"N",0,20,51.442222,3.596111,"VLISSINGEN",150,101,"N",-191
"229",1919,6682,"N",0,20,51.442222,3.596111,"VLISSINGEN",150,101,"N",-218
"230",1920,6659,"N",0,20,51.442222,3.596111,"VLISSINGEN",150,101,"N",-241
"231",1921,6727,"N",0,20,51.442222,3.596111,"VLISSINGEN",150,101,"N",-173
"232",1922,6738,"N",0,20,51.442222,3.596111,"VLISSINGEN",150,101,"N",-162
"233",1923,6759,"N",0,20,51.442222,3.596111,"VLISSINGEN",150,101,"N",-141
"234",1924,6741,"N",0,20,51.442222,3.596111,"VLISSINGEN",150,101,"N",-159
"235",1925,6778,"N",0,20,51.442222,3.596111,"VLISSINGEN",150,101,"N",-122
"236",1926,6763,"N",0,20,51.442222,3.596111,"VLISSINGEN",150,101,"N",-137
"237",1927,6775,"N",0,20,51.442222,3.596111,"VLISSINGEN",150,101,"N",-125
"238",1928,6778,"N",0,20,51.442222,3.596111,"VLISSINGEN",150,101,"N",-122
"239",1929,6727,"N",0,20,51.442222,3.596111,"VLISSINGEN",150,101,"N",-173
"240",1930,6797,"N",0,20,51.442222,3.596111,"VLISSINGEN",150,101,"N",-103
"241",1931,6797,"N",0,20,51.442222,3.596111,"VLISSINGEN",150,101,"N",-103
"242",1932,6778,"N",0,20,51.442222,3.596111,"VLISSINGEN",150,101,"N",-122
"243",1933,6764,"N",0,20,51.442222,3.596111,"VLISSINGEN",150,101,"N",-136
"244",1934,6768,"N",0,20,51.442222,3.596111,"VLISSINGEN",150,101,"N",-132
"245",1935,6796,"N",0,20,51.442222,3.596111,"VLISSINGEN",150,101,"N",-104
"246",1936,6819,"N",0,20,51.442222,3.596111,"VLISSINGEN",150,101,"N",-81
"247",1937,6819,"N",0,20,51.442222,3.596111,"VLISSINGEN",150,101,"N",-81
"248",1938,6794,"N",0,20,51.442222,3.596111,"VLISSINGEN",150,101,"N",-106
"249",1939,6796,"N",0,20,51.442222,3.596111,"VLISSINGEN",150,101,"N",-104
"250",1940,6795,"N",0,20,51.442222,3.596111,"VLISSINGEN",150,101,"N",-105
"251",1941,6769,"N",0,20,51.442222,3.596111,"VLISSINGEN",150,101,"N",-131
"252",1942,6781,"N",0,20,51.442222,3.596111,"VLISSINGEN",150,101,"N",-119
"253",1943,6814,"N",0,20,51.442222,3.596111,"VLISSINGEN",150,101,"N",-86
"254",1944,6802,"N",0,20,51.442222,3.596111,"VLISSINGEN",150,101,"N",-98
"255",1945,6820,"N",0,20,51.442222,3.596111,"VLISSINGEN",150,101,"N",-80
"256",1946,6826,"N",0,20,51.442222,3.596111,"VLISSINGEN",150,101,"N",-74
"257",1947,6794,"N",0,20,51.442222,3.596111,"VLISSINGEN",150,101,"N",-106
"258",1948,6811,"N",0,20,51.442222,3.596111,"VLISSINGEN",150,101,"N",-89
"259",1949,6824,"N",0,20,51.442222,3.596111,"VLISSINGEN",150,101,"N",-76
"260",1950,6846,"N",0,20,51.442222,3.596111,"VLISSINGEN",150,101,"N",-54
"261",1951,6848,"N",0,20,51.442222,3.596111,"VLISSINGEN",150,101,"N",-52
"262",1952,6876,"N",0,20,51.442222,3.596111,"VLISSINGEN",150,101,"N",-24
"263",1953,6826,"N",0,20,51.442222,3.596111,"VLISSINGEN",150,101,"N",-74
"264",1954,6845,"N",0,20,51.442222,3.596111,"VLISSINGEN",150,101,"N",-55
"265",1955,6844,"N",0,20,51.442222,3.596111,"VLISSINGEN",150,101,"N",-56
"266",1956,6782,"N",0,20,51.442222,3.596111,"VLISSINGEN",150,101,"N",-118
"267",1957,6818,"N",0,20,51.442222,3.596111,"VLISSINGEN",150,101,"N",-82
"268",1958,6845,"N",0,20,51.442222,3.596111,"VLISSINGEN",150,101,"N",-55
"269",1959,6832,"N",0,20,51.442222,3.596111,"VLISSINGEN",150,101,"N",-68
"270",1960,6847,"N",0,20,51.442222,3.596111,"VLISSINGEN",150,101,"N",-53
"271",1961,6889,"N",0,20,51.442222,3.596111,"VLISSINGEN",150,101,"N",-11
"272",1962,6860,"N",0,20,51.442222,3.596111,"VLISSINGEN",150,101,"N",-40
"273",1963,6787,"N",0,20,51.442222,3.596111,"VLISSINGEN",150,101,"N",-113
"274",1964,6815,"N",0,20,51.442222,3.596111,"VLISSINGEN",150,101,"N",-85
"275",1965,6855,"N",0,20,51.442222,3.596111,"VLISSINGEN",150,101,"N",-45
"276",1966,6888,"N",0,20,51.442222,3.596111,"VLISSINGEN",150,101,"N",-12
"277",1967,6883,"N",0,20,51.442222,3.596111,"VLISSINGEN",150,101,"N",-17
"278",1968,6852,"N",0,20,51.442222,3.596111,"VLISSINGEN",150,101,"N",-48
"279",1969,6857,"N",0,20,51.442222,3.596111,"VLISSINGEN",150,101,"N",-43
"280",1970,6872,"N",0,20,51.442222,3.596111,"VLISSINGEN",150,101,"N",-28
"281",1971,6815,"N",0,20,51.442222,3.596111,"VLISSINGEN",150,101,"N",-85
"282",1972,6799,"N",0,20,51.442222,3.596111,"VLISSINGEN",150,101,"N",-101
"283",1973,6851,"N",0,20,51.442222,3.596111,"VLISSINGEN",150,101,"N",-49
"284",1974,6868,"N",0,20,51.442222,3.596111,"VLISSINGEN",150,101,"N",-32
"285",1975,6831,"N",0,20,51.442222,3.596111,"VLISSINGEN",150,101,"N",-69
"286",1976,6815,"N",0,20,51.442222,3.596111,"VLISSINGEN",150,101,"N",-85
"287",1977,6852,"N",0,20,51.442222,3.596111,"VLISSINGEN",150,101,"N",-48
"288",1978,6835,"N",0,20,51.442222,3.596111,"VLISSINGEN",150,101,"N",-65
"289",1979,6861,"N",0,20,51.442222,3.596111,"VLISSINGEN",150,101,"N",-39
"290",1980,6877,"N",0,20,51.442222,3.596111,"VLISSINGEN",150,101,"N",-23
"291",1981,6912,"N",0,20,51.442222,3.596111,"VLISSINGEN",150,101,"N",12
"292",1982,6881,"N",0,20,51.442222,3.596111,"VLISSINGEN",150,101,"N",-19
"293",1983,6908,"N",0,20,51.442222,3.596111,"VLISSINGEN",150,101,"N",8
"294",1984,6869,"N",0,20,51.442222,3.596111,"VLISSINGEN",150,101,"N",-31
"295",1985,6876,"N",0,20,51.442222,3.596111,"VLISSINGEN",150,101,"N",-24
"296",1986,6859,"N",0,20,51.442222,3.596111,"VLISSINGEN",150,101,"N",-41
"297",1987,6858,"N",0,20,51.442222,3.596111,"VLISSINGEN",150,101,"N",-42
"298",1988,6920,"N",0,20,51.442222,3.596111,"VLISSINGEN",150,101,"N",20
"299",1989,6887,"N",0,20,51.442222,3.596111,"VLISSINGEN",150,101,"N",-13
"300",1990,6903,"N",0,20,51.442222,3.596111,"VLISSINGEN",150,101,"N",3
"301",1991,6828,"N",0,20,51.442222,3.596111,"VLISSINGEN",150,101,"N",-72
"302",1992,6867,"N",0,20,51.442222,3.596111,"VLISSINGEN",150,101,"N",-33
"303",1993,6873,"N",0,20,51.442222,3.596111,"VLISSINGEN",150,101,"N",-27
"304",1994,6904,"N",0,20,51.442222,3.596111,"VLISSINGEN",150,101,"N",4
"305",1995,6914,"N",0,20,51.442222,3.596111,"VLISSINGEN",150,101,"N",14
"306",1996,6829,"N",0,20,51.442222,3.596111,"VLISSINGEN",150,101,"N",-71
"307",1997,6863,"N",0,20,51.442222,3.596111,"VLISSINGEN",150,101,"N",-37
"308",1998,6931,"N",0,20,51.442222,3.596111,"VLISSINGEN",150,101,"N",31
"309",1999,6926,"N",0,20,51.442222,3.596111,"VLISSINGEN",150,101,"N",26
"310",2000,6920,"N",0,20,51.442222,3.596111,"VLISSINGEN",150,101,"N",20
"311",2001,6939,"N",0,20,51.442222,3.596111,"VLISSINGEN",150,101,"N",39
"312",2002,6922,"N",0,20,51.442222,3.596111,"VLISSINGEN",150,101,"N",22
"313",2003,6912,"N",0,20,51.442222,3.596111,"VLISSINGEN",150,101,"N",12
"314",2004,6944,"N",0,20,51.442222,3.596111,"VLISSINGEN",150,101,"N",44
"315",2005,6957,"N",0,20,51.442222,3.596111,"VLISSINGEN",150,101,"N",27
"316",2006,6931,"N",0,20,51.442222,3.596111,"VLISSINGEN",150,101,"N",1
"317",2007,6976,"N",0,20,51.442222,3.596111,"VLISSINGEN",150,101,"N",46
"318",2008,6949,"N",0,20,51.442222,3.596111,"VLISSINGEN",150,101,"N",19
"319",2009,6931,"N",0,20,51.442222,3.596111,"VLISSINGEN",150,101,"N",1
"320",2010,6933,"N",0,20,51.442222,3.596111,"VLISSINGEN",150,101,"N",3
"321",2011,6937,"N",0,20,51.442222,3.596111,"VLISSINGEN",150,101,"N",7
"322",2012,6930,"N",0,20,51.442222,3.596111,"VLISSINGEN",150,101,"N",0
"323",2013,6916,"N",0,20,51.442222,3.596111,"VLISSINGEN",150,101,"N",-14
"324",2014,6954,"N",0,20,51.442222,3.596111,"VLISSINGEN",150,101,"N",24
"325",2015,6957,"N",0,20,51.442222,3.596111,"VLISSINGEN",150,101,"N",27
"326",2016,6960,"N",0,20,51.442222,3.596111,"VLISSINGEN",150,101,"N",30
"327",2017,6976,"N",0,20,51.442222,3.596111,"VLISSINGEN",150,101,"N",46
"328",2018,6931,"N",0,20,51.442222,3.596111,"VLISSINGEN",150,101,"N",1
"329",1864,6542,"N",0,22,51.9775,4.12,"HOEK VAN HOLLAND",150,51,"N",-303
"330",1865,6553,"N",0,22,51.9775,4.12,"HOEK VAN HOLLAND",150,51,"N",-292
"331",1866,6605,"N",0,22,51.9775,4.12,"HOEK VAN HOLLAND",150,51,"N",-240
"332",1867,6598,"N",0,22,51.9775,4.12,"HOEK VAN HOLLAND",150,51,"N",-247
"333",1868,6607,"N",0,22,51.9775,4.12,"HOEK VAN HOLLAND",150,51,"N",-238
"334",1869,6644,"N",0,22,51.9775,4.12,"HOEK VAN HOLLAND",150,51,"N",-201
"335",1870,6593,"N",0,22,51.9775,4.12,"HOEK VAN HOLLAND",150,51,"N",-252
"336",1871,6620,"N",0,22,51.9775,4.12,"HOEK VAN HOLLAND",150,51,"N",-225
"337",1872,6674,"N",0,22,51.9775,4.12,"HOEK VAN HOLLAND",150,51,"N",-171
"338",1873,6653,"N",0,22,51.9775,4.12,"HOEK VAN HOLLAND",150,51,"N",-192
"339",1874,6623,"N",0,22,51.9775,4.12,"HOEK VAN HOLLAND",150,51,"N",-222
"340",1875,6593,"N",0,22,51.9775,4.12,"HOEK VAN HOLLAND",150,51,"N",-252
"341",1876,6623,"N",0,22,51.9775,4.12,"HOEK VAN HOLLAND",150,51,"N",-222
"342",1877,6690,"N",0,22,51.9775,4.12,"HOEK VAN HOLLAND",150,51,"N",-155
"343",1878,6674,"N",0,22,51.9775,4.12,"HOEK VAN HOLLAND",150,51,"N",-171
"344",1879,6646,"N",0,22,51.9775,4.12,"HOEK VAN HOLLAND",150,51,"N",-199
"345",1880,6696,"N",0,22,51.9775,4.12,"HOEK VAN HOLLAND",150,51,"N",-149
"346",1881,6644,"N",0,22,51.9775,4.12,"HOEK VAN HOLLAND",150,51,"N",-201
"347",1882,6677,"N",0,22,51.9775,4.12,"HOEK VAN HOLLAND",150,51,"N",-168
"348",1883,6673,"N",0,22,51.9775,4.12,"HOEK VAN HOLLAND",150,51,"N",-172
"349",1884,6675,"N",0,22,51.9775,4.12,"HOEK VAN HOLLAND",150,51,"N",-170
"350",1885,6698,"N",0,22,51.9775,4.12,"HOEK VAN HOLLAND",150,51,"N",-147
"351",1886,6685,"N",0,22,51.9775,4.12,"HOEK VAN HOLLAND",150,51,"N",-160
"352",1887,6659,"N",0,22,51.9775,4.12,"HOEK VAN HOLLAND",150,51,"N",-186
"353",1888,6623,"N",0,22,51.9775,4.12,"HOEK VAN HOLLAND",150,51,"N",-222
"354",1889,6657,"N",0,22,51.9775,4.12,"HOEK VAN HOLLAND",150,51,"N",-188
"355",1890,6655,"N",0,22,51.9775,4.12,"HOEK VAN HOLLAND",150,51,"N",-190
"356",1891,6660,"N",0,22,51.9775,4.12,"HOEK VAN HOLLAND",150,51,"N",-185
"357",1892,6691,"N",0,22,51.9775,4.12,"HOEK VAN HOLLAND",150,51,"N",-154
"358",1893,6683,"N",0,22,51.9775,4.12,"HOEK VAN HOLLAND",150,51,"N",-162
"359",1894,6672,"N",0,22,51.9775,4.12,"HOEK VAN HOLLAND",150,51,"N",-173
"360",1895,6673,"N",0,22,51.9775,4.12,"HOEK VAN HOLLAND",150,51,"N",-172
"361",1896,6639,"N",0,22,51.9775,4.12,"HOEK VAN HOLLAND",150,51,"N",-206
"362",1897,6647,"N",0,22,51.9775,4.12,"HOEK VAN HOLLAND",150,51,"N",-198
"363",1898,6688,"N",0,22,51.9775,4.12,"HOEK VAN HOLLAND",150,51,"N",-157
"364",1899,6716,"N",0,22,51.9775,4.12,"HOEK VAN HOLLAND",150,51,"N",-129
"365",1900,6683,"N",0,22,51.9775,4.12,"HOEK VAN HOLLAND",150,51,"N",-162
"366",1901,6678,"N",0,22,51.9775,4.12,"HOEK VAN HOLLAND",150,51,"N",-167
"367",1902,6677,"N",0,22,51.9775,4.12,"HOEK VAN HOLLAND",150,51,"N",-168
"368",1903,6767,"N",0,22,51.9775,4.12,"HOEK VAN HOLLAND",150,51,"N",-78
"369",1904,6724,"N",0,22,51.9775,4.12,"HOEK VAN HOLLAND",150,51,"N",-121
"370",1905,6707,"N",0,22,51.9775,4.12,"HOEK VAN HOLLAND",150,51,"N",-138
"371",1906,6728,"N",0,22,51.9775,4.12,"HOEK VAN HOLLAND",150,51,"N",-117
"372",1907,6702,"N",0,22,51.9775,4.12,"HOEK VAN HOLLAND",150,51,"N",-143
"373",1908,6699,"N",0,22,51.9775,4.12,"HOEK VAN HOLLAND",150,51,"N",-146
"374",1909,6755,"N",0,22,51.9775,4.12,"HOEK VAN HOLLAND",150,51,"N",-90
"375",1910,6750,"N",0,22,51.9775,4.12,"HOEK VAN HOLLAND",150,51,"N",-95
"376",1911,6728,"N",0,22,51.9775,4.12,"HOEK VAN HOLLAND",150,51,"N",-117
"377",1912,6789,"N",0,22,51.9775,4.12,"HOEK VAN HOLLAND",150,51,"N",-56
"378",1913,6768,"N",0,22,51.9775,4.12,"HOEK VAN HOLLAND",150,51,"N",-77
"379",1914,6786,"N",0,22,51.9775,4.12,"HOEK VAN HOLLAND",150,51,"N",-59
"380",1915,6757,"N",0,22,51.9775,4.12,"HOEK VAN HOLLAND",150,51,"N",-88
"381",1916,6799,"N",0,22,51.9775,4.12,"HOEK VAN HOLLAND",150,51,"N",-46
"382",1917,6710,"N",0,22,51.9775,4.12,"HOEK VAN HOLLAND",150,51,"N",-135
"383",1918,6721,"N",0,22,51.9775,4.12,"HOEK VAN HOLLAND",150,51,"N",-124
"384",1919,6718,"N",0,22,51.9775,4.12,"HOEK VAN HOLLAND",150,51,"N",-127
"385",1920,6746,"N",0,22,51.9775,4.12,"HOEK VAN HOLLAND",150,51,"N",-99
"386",1921,6742,"N",0,22,51.9775,4.12,"HOEK VAN HOLLAND",150,51,"N",-103
"387",1922,6778,"N",0,22,51.9775,4.12,"HOEK VAN HOLLAND",150,51,"N",-67
"388",1923,6778,"N",0,22,51.9775,4.12,"HOEK VAN HOLLAND",150,51,"N",-67
"389",1924,6741,"N",0,22,51.9775,4.12,"HOEK VAN HOLLAND",150,51,"N",-104
"390",1925,6806,"N",0,22,51.9775,4.12,"HOEK VAN HOLLAND",150,51,"N",-39
"391",1926,6778,"N",0,22,51.9775,4.12,"HOEK VAN HOLLAND",150,51,"N",-67
"392",1927,6780,"N",0,22,51.9775,4.12,"HOEK VAN HOLLAND",150,51,"N",-65
"393",1928,6788,"N",0,22,51.9775,4.12,"HOEK VAN HOLLAND",150,51,"N",-57
"394",1929,6733,"N",0,22,51.9775,4.12,"HOEK VAN HOLLAND",150,51,"N",-112
"395",1930,6806,"N",0,22,51.9775,4.12,"HOEK VAN HOLLAND",150,51,"N",-39
"396",1931,6800,"N",0,22,51.9775,4.12,"HOEK VAN HOLLAND",150,51,"N",-45
"397",1932,6783,"N",0,22,51.9775,4.12,"HOEK VAN HOLLAND",150,51,"N",-62
"398",1933,6727,"N",0,22,51.9775,4.12,"HOEK VAN HOLLAND",150,51,"N",-118
"399",1934,6735,"N",0,22,51.9775,4.12,"HOEK VAN HOLLAND",150,51,"N",-110
"400",1935,6795,"N",0,22,51.9775,4.12,"HOEK VAN HOLLAND",150,51,"N",-50
"401",1936,6824,"N",0,22,51.9775,4.12,"HOEK VAN HOLLAND",150,51,"N",-21
"402",1937,6818,"N",0,22,51.9775,4.12,"HOEK VAN HOLLAND",150,51,"N",-27
"403",1938,6792,"N",0,22,51.9775,4.12,"HOEK VAN HOLLAND",150,51,"N",-53
"404",1939,6800,"N",0,22,51.9775,4.12,"HOEK VAN HOLLAND",150,51,"N",-45
"405",1940,6804,"N",0,22,51.9775,4.12,"HOEK VAN HOLLAND",150,51,"N",-41
"406",1941,6768,"N",0,22,51.9775,4.12,"HOEK VAN HOLLAND",150,51,"N",-77
"407",1942,6768,"N",0,22,51.9775,4.12,"HOEK VAN HOLLAND",150,51,"N",-77
"408",1943,6814,"N",0,22,51.9775,4.12,"HOEK VAN HOLLAND",150,51,"N",-31
"409",1944,6829,"N",0,22,51.9775,4.12,"HOEK VAN HOLLAND",150,51,"N",-16
"410",1945,6816,"N",0,22,51.9775,4.12,"HOEK VAN HOLLAND",150,51,"N",-29
"411",1946,6821,"N",0,22,51.9775,4.12,"HOEK VAN HOLLAND",150,51,"N",-24
"412",1947,6772,"N",0,22,51.9775,4.12,"HOEK VAN HOLLAND",150,51,"N",-73
"413",1948,6831,"N",0,22,51.9775,4.12,"HOEK VAN HOLLAND",150,51,"N",-14
"414",1949,6819,"N",0,22,51.9775,4.12,"HOEK VAN HOLLAND",150,51,"N",-26
"415",1950,6828,"N",0,22,51.9775,4.12,"HOEK VAN HOLLAND",150,51,"N",-17
"416",1951,6817,"N",0,22,51.9775,4.12,"HOEK VAN HOLLAND",150,51,"N",-28
"417",1952,6828,"N",0,22,51.9775,4.12,"HOEK VAN HOLLAND",150,51,"N",-17
"418",1953,6799,"N",0,22,51.9775,4.12,"HOEK VAN HOLLAND",150,51,"N",-46
"419",1954,6848,"N",0,22,51.9775,4.12,"HOEK VAN HOLLAND",150,51,"N",3
"420",1955,6852,"N",0,22,51.9775,4.12,"HOEK VAN HOLLAND",150,51,"N",7
"421",1956,6790,"N",0,22,51.9775,4.12,"HOEK VAN HOLLAND",150,51,"N",-55
"422",1957,6835,"N",0,22,51.9775,4.12,"HOEK VAN HOLLAND",150,51,"N",-10
"423",1958,6835,"N",0,22,51.9775,4.12,"HOEK VAN HOLLAND",150,51,"N",-10
"424",1959,6742,"N",0,22,51.9775,4.12,"HOEK VAN HOLLAND",150,51,"N",-103
"425",1960,6793,"N",0,22,51.9775,4.12,"HOEK VAN HOLLAND",150,51,"N",-52
"426",1961,6877,"N",0,22,51.9775,4.12,"HOEK VAN HOLLAND",150,51,"N",32
"427",1962,6818,"N",0,22,51.9775,4.12,"HOEK VAN HOLLAND",150,51,"N",-27
"428",1963,6753,"N",0,22,51.9775,4.12,"HOEK VAN HOLLAND",150,51,"N",-92
"429",1964,6766,"N",0,22,51.9775,4.12,"HOEK VAN HOLLAND",150,51,"N",-79
"430",1965,6870,"N",0,22,51.9775,4.12,"HOEK VAN HOLLAND",150,51,"N",25
"431",1966,6900,"N",0,22,51.9775,4.12,"HOEK VAN HOLLAND",150,51,"N",55
"432",1967,6904,"N",0,22,51.9775,4.12,"HOEK VAN HOLLAND",150,51,"N",59
"433",1968,6852,"N",0,22,51.9775,4.12,"HOEK VAN HOLLAND",150,51,"N",7
"434",1969,6836,"N",0,22,51.9775,4.12,"HOEK VAN HOLLAND",150,51,"N",-9
"435",1970,6855,"N",0,22,51.9775,4.12,"HOEK VAN HOLLAND",150,51,"N",10
"436",1971,6820,"N",0,22,51.9775,4.12,"HOEK VAN HOLLAND",150,51,"N",-25
"437",1972,6793,"N",0,22,51.9775,4.12,"HOEK VAN HOLLAND",150,51,"N",-52
"438",1973,6877,"N",0,22,51.9775,4.12,"HOEK VAN HOLLAND",150,51,"N",32
"439",1974,6881,"N",0,22,51.9775,4.12,"HOEK VAN HOLLAND",150,51,"N",36
"440",1975,6855,"N",0,22,51.9775,4.12,"HOEK VAN HOLLAND",150,51,"N",10
"441",1976,6829,"N",0,22,51.9775,4.12,"HOEK VAN HOLLAND",150,51,"N",-16
"442",1977,6870,"N",0,22,51.9775,4.12,"HOEK VAN HOLLAND",150,51,"N",25
"443",1978,6860,"N",0,22,51.9775,4.12,"HOEK VAN HOLLAND",150,51,"N",15
"444",1979,6887,"N",0,22,51.9775,4.12,"HOEK VAN HOLLAND",150,51,"N",42
"445",1980,6897,"N",0,22,51.9775,4.12,"HOEK VAN HOLLAND",150,51,"N",52
"446",1981,6945,"N",0,22,51.9775,4.12,"HOEK VAN HOLLAND",150,51,"N",100
"447",1982,6926,"N",0,22,51.9775,4.12,"HOEK VAN HOLLAND",150,51,"N",81
"448",1983,6945,"N",0,22,51.9775,4.12,"HOEK VAN HOLLAND",150,51,"N",100
"449",1984,6898,"N",0,22,51.9775,4.12,"HOEK VAN HOLLAND",150,51,"N",53
"450",1985,6893,"N",0,22,51.9775,4.12,"HOEK VAN HOLLAND",150,51,"N",48
"451",1986,6901,"N",0,22,51.9775,4.12,"HOEK VAN HOLLAND",150,51,"N",56
"452",1987,6901,"N",0,22,51.9775,4.12,"HOEK VAN HOLLAND",150,51,"N",56
"453",1988,6960,"N",0,22,51.9775,4.12,"HOEK VAN HOLLAND",150,51,"N",115
"454",1989,6926,"N",0,22,51.9775,4.12,"HOEK VAN HOLLAND",150,51,"N",81
"455",1990,6946,"N",0,22,51.9775,4.12,"HOEK VAN HOLLAND",150,51,"N",101
"456",1991,6859,"N",0,22,51.9775,4.12,"HOEK VAN HOLLAND",150,51,"N",14
"457",1992,6898,"N",0,22,51.9775,4.12,"HOEK VAN HOLLAND",150,51,"N",53
"458",1993,6904,"N",0,22,51.9775,4.12,"HOEK VAN HOLLAND",150,51,"N",59
"459",1994,6937,"N",0,22,51.9775,4.12,"HOEK VAN HOLLAND",150,51,"N",92
"460",1995,6947,"N",0,22,51.9775,4.12,"HOEK VAN HOLLAND",150,51,"N",102
"461",1996,6851,"N",0,22,51.9775,4.12,"HOEK VAN HOLLAND",150,51,"N",6
"462",1997,6897,"N",0,22,51.9775,4.12,"HOEK VAN HOLLAND",150,51,"N",52
"463",1998,6963,"N",0,22,51.9775,4.12,"HOEK VAN HOLLAND",150,51,"N",118
"464",1999,6964,"N",0,22,51.9775,4.12,"HOEK VAN HOLLAND",150,51,"N",119
"465",2000,6956,"N",0,22,51.9775,4.12,"HOEK VAN HOLLAND",150,51,"N",111
"466",2001,6974,"N",0,22,51.9775,4.12,"HOEK VAN HOLLAND",150,51,"N",129
"467",2002,6959,"N",0,22,51.9775,4.12,"HOEK VAN HOLLAND",150,51,"N",114
"468",2003,6937,"N",0,22,51.9775,4.12,"HOEK VAN HOLLAND",150,51,"N",92
"469",2004,6960,"N",0,22,51.9775,4.12,"HOEK VAN HOLLAND",150,51,"N",115
"470",2005,6948,"N",0,22,51.9775,4.12,"HOEK VAN HOLLAND",150,51,"N",75
"471",2006,6945,"N",0,22,51.9775,4.12,"HOEK VAN HOLLAND",150,51,"N",72
"472",2007,6994,"N",0,22,51.9775,4.12,"HOEK VAN HOLLAND",150,51,"N",121
"473",2008,6965,"N",0,22,51.9775,4.12,"HOEK VAN HOLLAND",150,51,"N",92
"474",2009,6944,"N",0,22,51.9775,4.12,"HOEK VAN HOLLAND",150,51,"N",71
"475",2010,6953,"N",0,22,51.9775,4.12,"HOEK VAN HOLLAND",150,51,"N",80
"476",2011,6959,"N",0,22,51.9775,4.12,"HOEK VAN HOLLAND",150,51,"N",86
"477",2012,6959,"N",0,22,51.9775,4.12,"HOEK VAN HOLLAND",150,51,"N",86
"478",2013,6943,"N",0,22,51.9775,4.12,"HOEK VAN HOLLAND",150,51,"N",70
"479",2014,6974,"N",0,22,51.9775,4.12,"HOEK VAN HOLLAND",150,51,"N",101
"480",2015,6982,"N",0,22,51.9775,4.12,"HOEK VAN HOLLAND",150,51,"N",109
"481",2016,6984,"N",0,22,51.9775,4.12,"HOEK VAN HOLLAND",150,51,"N",111
"482",2017,7006,"N",0,22,51.9775,4.12,"HOEK VAN HOLLAND",150,51,"N",133
"483",2018,6948,"N",0,22,51.9775,4.12,"HOEK VAN HOLLAND",150,51,"N",75
"484",1865,6666,"N",0,23,52.964444,4.745,"DEN HELDER",150,31,"N",-263
"485",1866,6800,"N",0,23,52.964444,4.745,"DEN HELDER",150,31,"N",-129
"486",1867,6745,"N",0,23,52.964444,4.745,"DEN HELDER",150,31,"N",-184
"487",1868,6744,"N",0,23,52.964444,4.745,"DEN HELDER",150,31,"N",-185
"488",1869,6748,"N",0,23,52.964444,4.745,"DEN HELDER",150,31,"N",-181
"489",1870,6691,"N",0,23,52.964444,4.745,"DEN HELDER",150,31,"N",-238
"490",1871,6684,"N",0,23,52.964444,4.745,"DEN HELDER",150,31,"N",-245
"491",1872,6742,"N",0,23,52.964444,4.745,"DEN HELDER",150,31,"N",-187
"492",1873,6752,"N",0,23,52.964444,4.745,"DEN HELDER",150,31,"N",-177
"493",1874,6736,"N",0,23,52.964444,4.745,"DEN HELDER",150,31,"N",-193
"494",1875,6690,"N",0,23,52.964444,4.745,"DEN HELDER",150,31,"N",-239
"495",1876,6754,"N",0,23,52.964444,4.745,"DEN HELDER",150,31,"N",-175
"496",1877,6838,"N",0,23,52.964444,4.745,"DEN HELDER",150,31,"N",-91
"497",1878,6815,"N",0,23,52.964444,4.745,"DEN HELDER",150,31,"N",-114
"498",1879,6756,"N",0,23,52.964444,4.745,"DEN HELDER",150,31,"N",-173
"499",1880,6787,"N",0,23,52.964444,4.745,"DEN HELDER",150,31,"N",-142
"500",1881,6738,"N",0,23,52.964444,4.745,"DEN HELDER",150,31,"N",-191
"501",1882,6768,"N",0,23,52.964444,4.745,"DEN HELDER",150,31,"N",-161
"502",1883,6758,"N",0,23,52.964444,4.745,"DEN HELDER",150,31,"N",-171
"503",1884,6772,"N",0,23,52.964444,4.745,"DEN HELDER",150,31,"N",-157
"504",1885,6752,"N",0,23,52.964444,4.745,"DEN HELDER",150,31,"N",-177
"505",1886,6763,"N",0,23,52.964444,4.745,"DEN HELDER",150,31,"N",-166
"506",1887,6720,"N",0,23,52.964444,4.745,"DEN HELDER",150,31,"N",-209
"507",1888,6725,"N",0,23,52.964444,4.745,"DEN HELDER",150,31,"N",-204
"508",1889,6765,"N",0,23,52.964444,4.745,"DEN HELDER",150,31,"N",-164
"509",1890,6755,"N",0,23,52.964444,4.745,"DEN HELDER",150,31,"N",-174
"510",1891,6789,"N",0,23,52.964444,4.745,"DEN HELDER",150,31,"N",-140
"511",1892,6790,"N",0,23,52.964444,4.745,"DEN HELDER",150,31,"N",-139
"512",1893,6810,"N",0,23,52.964444,4.745,"DEN HELDER",150,31,"N",-119
"513",1894,6808,"N",0,23,52.964444,4.745,"DEN HELDER",150,31,"N",-121
"514",1895,6784,"N",0,23,52.964444,4.745,"DEN HELDER",150,31,"N",-145
"515",1896,6763,"N",0,23,52.964444,4.745,"DEN HELDER",150,31,"N",-166
"516",1897,6773,"N",0,23,52.964444,4.745,"DEN HELDER",150,31,"N",-156
"517",1898,6815,"N",0,23,52.964444,4.745,"DEN HELDER",150,31,"N",-114
"518",1899,6814,"N",0,23,52.964444,4.745,"DEN HELDER",150,31,"N",-115
"519",1900,6771,"N",0,23,52.964444,4.745,"DEN HELDER",150,31,"N",-158
"520",1901,6723,"N",0,23,52.964444,4.745,"DEN HELDER",150,31,"N",-206
"521",1902,6686,"N",0,23,52.964444,4.745,"DEN HELDER",150,31,"N",-243
"522",1903,6781,"N",0,23,52.964444,4.745,"DEN HELDER",150,31,"N",-148
"523",1904,6813,"N",0,23,52.964444,4.745,"DEN HELDER",150,31,"N",-116
"524",1905,6775,"N",0,23,52.964444,4.745,"DEN HELDER",150,31,"N",-154
"525",1906,6817,"N",0,23,52.964444,4.745,"DEN HELDER",150,31,"N",-112
"526",1907,6789,"N",0,23,52.964444,4.745,"DEN HELDER",150,31,"N",-140
"527",1908,6770,"N",0,23,52.964444,4.745,"DEN HELDER",150,31,"N",-159
"528",1909,6817,"N",0,23,52.964444,4.745,"DEN HELDER",150,31,"N",-112
"529",1910,6834,"N",0,23,52.964444,4.745,"DEN HELDER",150,31,"N",-95
"530",1911,6804,"N",0,23,52.964444,4.745,"DEN HELDER",150,31,"N",-125
"531",1912,6856,"N",0,23,52.964444,4.745,"DEN HELDER",150,31,"N",-73
"532",1913,6814,"N",0,23,52.964444,4.745,"DEN HELDER",150,31,"N",-115
"533",1914,6850,"N",0,23,52.964444,4.745,"DEN HELDER",150,31,"N",-79
"534",1915,6819,"N",0,23,52.964444,4.745,"DEN HELDER",150,31,"N",-110
"535",1916,6848,"N",0,23,52.964444,4.745,"DEN HELDER",150,31,"N",-81
"536",1917,6794,"N",0,23,52.964444,4.745,"DEN HELDER",150,31,"N",-135
"537",1918,6811,"N",0,23,52.964444,4.745,"DEN HELDER",150,31,"N",-118
"538",1919,6809,"N",0,23,52.964444,4.745,"DEN HELDER",150,31,"N",-120
"539",1920,6799,"N",0,23,52.964444,4.745,"DEN HELDER",150,31,"N",-130
"540",1921,6811,"N",0,23,52.964444,4.745,"DEN HELDER",150,31,"N",-118
"541",1922,6798,"N",0,23,52.964444,4.745,"DEN HELDER",150,31,"N",-131
"542",1923,6821,"N",0,23,52.964444,4.745,"DEN HELDER",150,31,"N",-108
"543",1924,6802,"N",0,23,52.964444,4.745,"DEN HELDER",150,31,"N",-127
"544",1925,6844,"N",0,23,52.964444,4.745,"DEN HELDER",150,31,"N",-85
"545",1926,6813,"N",0,23,52.964444,4.745,"DEN HELDER",150,31,"N",-116
"546",1927,6813,"N",0,23,52.964444,4.745,"DEN HELDER",150,31,"N",-116
"547",1928,6828,"N",0,23,52.964444,4.745,"DEN HELDER",150,31,"N",-101
"548",1929,6794,"N",0,23,52.964444,4.745,"DEN HELDER",150,31,"N",-135
"549",1930,6845,"N",0,23,52.964444,4.745,"DEN HELDER",150,31,"N",-84
"550",1931,6850,"N",0,23,52.964444,4.745,"DEN HELDER",150,31,"N",-79
"551",1932,6837,"N",0,23,52.964444,4.745,"DEN HELDER",150,31,"N",-92
"552",1933,6780,"N",0,23,52.964444,4.745,"DEN HELDER",150,31,"N",-149
"553",1934,6786,"N",0,23,52.964444,4.745,"DEN HELDER",150,31,"N",-143
"554",1935,6841,"N",0,23,52.964444,4.745,"DEN HELDER",150,31,"N",-88
"555",1936,6853,"N",0,23,52.964444,4.745,"DEN HELDER",150,31,"N",-76
"556",1937,6838,"N",0,23,52.964444,4.745,"DEN HELDER",150,31,"N",-91
"557",1938,6923,"N",0,23,52.964444,4.745,"DEN HELDER",150,31,"N",-6
"558",1939,6809,"N",0,23,52.964444,4.745,"DEN HELDER",150,31,"N",-120
"559",1940,6828,"N",0,23,52.964444,4.745,"DEN HELDER",150,31,"N",-101
"560",1941,6789,"N",0,23,52.964444,4.745,"DEN HELDER",150,31,"N",-140
"561",1942,6803,"N",0,23,52.964444,4.745,"DEN HELDER",150,31,"N",-126
"562",1943,6854,"N",0,23,52.964444,4.745,"DEN HELDER",150,31,"N",-75
"563",1944,6858,"N",0,23,52.964444,4.745,"DEN HELDER",150,31,"N",-71
"564",1945,6864,"N",0,23,52.964444,4.745,"DEN HELDER",150,31,"N",-65
"565",1946,6849,"N",0,23,52.964444,4.745,"DEN HELDER",150,31,"N",-80
"566",1947,6763,"N",0,23,52.964444,4.745,"DEN HELDER",150,31,"N",-166
"567",1948,6846,"N",0,23,52.964444,4.745,"DEN HELDER",150,31,"N",-83
"568",1949,6883,"N",0,23,52.964444,4.745,"DEN HELDER",150,31,"N",-46
"569",1950,6876,"N",0,23,52.964444,4.745,"DEN HELDER",150,31,"N",-53
"570",1951,6852,"N",0,23,52.964444,4.745,"DEN HELDER",150,31,"N",-77
"571",1952,6868,"N",0,23,52.964444,4.745,"DEN HELDER",150,31,"N",-61
"572",1953,6839,"N",0,23,52.964444,4.745,"DEN HELDER",150,31,"N",-90
"573",1954,6881,"N",0,23,52.964444,4.745,"DEN HELDER",150,31,"N",-48
"574",1955,6888,"N",0,23,52.964444,4.745,"DEN HELDER",150,31,"N",-41
"575",1956,6810,"N",0,23,52.964444,4.745,"DEN HELDER",150,31,"N",-119
"576",1957,6831,"N",0,23,52.964444,4.745,"DEN HELDER",150,31,"N",-98
"577",1958,6868,"N",0,23,52.964444,4.745,"DEN HELDER",150,31,"N",-61
"578",1959,6829,"N",0,23,52.964444,4.745,"DEN HELDER",150,31,"N",-100
"579",1960,6861,"N",0,23,52.964444,4.745,"DEN HELDER",150,31,"N",-68
"580",1961,6913,"N",0,23,52.964444,4.745,"DEN HELDER",150,31,"N",-16
"581",1962,6860,"N",0,23,52.964444,4.745,"DEN HELDER",150,31,"N",-69
"582",1963,6815,"N",0,23,52.964444,4.745,"DEN HELDER",150,31,"N",-114
"583",1964,6857,"N",0,23,52.964444,4.745,"DEN HELDER",150,31,"N",-72
"584",1965,6917,"N",0,23,52.964444,4.745,"DEN HELDER",150,31,"N",-12
"585",1966,6943,"N",0,23,52.964444,4.745,"DEN HELDER",150,31,"N",14
"586",1967,6965,"N",0,23,52.964444,4.745,"DEN HELDER",150,31,"N",36
"587",1968,6886,"N",0,23,52.964444,4.745,"DEN HELDER",150,31,"N",-43
"588",1969,6856,"N",0,23,52.964444,4.745,"DEN HELDER",150,31,"N",-73
"589",1970,6881,"N",0,23,52.964444,4.745,"DEN HELDER",150,31,"N",-48
"590",1971,6826,"N",0,23,52.964444,4.745,"DEN HELDER",150,31,"N",-103
"591",1972,6814,"N",0,23,52.964444,4.745,"DEN HELDER",150,31,"N",-115
"592",1973,6866,"N",0,23,52.964444,4.745,"DEN HELDER",150,31,"N",-63
"593",1974,6864,"N",0,23,52.964444,4.745,"DEN HELDER",150,31,"N",-65
"594",1975,6838,"N",0,23,52.964444,4.745,"DEN HELDER",150,31,"N",-91
"595",1976,6825,"N",0,23,52.964444,4.745,"DEN HELDER",150,31,"N",-104
"596",1977,6904,"N",0,23,52.964444,4.745,"DEN HELDER",150,31,"N",-25
"597",1978,6883,"N",0,23,52.964444,4.745,"DEN HELDER",150,31,"N",-46
"598",1979,6889,"N",0,23,52.964444,4.745,"DEN HELDER",150,31,"N",-40
"599",1980,6903,"N",0,23,52.964444,4.745,"DEN HELDER",150,31,"N",-26
"600",1981,6941,"N",0,23,52.964444,4.745,"DEN HELDER",150,31,"N",12
"601",1982,6917,"N",0,23,52.964444,4.745,"DEN HELDER",150,31,"N",-12
"602",1983,6959,"N",0,23,52.964444,4.745,"DEN HELDER",150,31,"N",30
"603",1984,6906,"N",0,23,52.964444,4.745,"DEN HELDER",150,31,"N",-23
"604",1985,6908,"N",0,23,52.964444,4.745,"DEN HELDER",150,31,"N",-21
"605",1986,6908,"N",0,23,52.964444,4.745,"DEN HELDER",150,31,"N",-21
"606",1987,6889,"N",0,23,52.964444,4.745,"DEN HELDER",150,31,"N",-40
"607",1988,6976,"N",0,23,52.964444,4.745,"DEN HELDER",150,31,"N",47
"608",1989,6928,"N",0,23,52.964444,4.745,"DEN HELDER",150,31,"N",-1
"609",1990,6974,"N",0,23,52.964444,4.745,"DEN HELDER",150,31,"N",45
"610",1991,6869,"N",0,23,52.964444,4.745,"DEN HELDER",150,31,"N",-60
"611",1992,6917,"N",0,23,52.964444,4.745,"DEN HELDER",150,31,"N",-12
"612",1993,6905,"N",0,23,52.964444,4.745,"DEN HELDER",150,31,"N",-24
"613",1994,6951,"N",0,23,52.964444,4.745,"DEN HELDER",150,31,"N",22
"614",1995,6946,"N",0,23,52.964444,4.745,"DEN HELDER",150,31,"N",17
"615",1996,6836,"N",0,23,52.964444,4.745,"DEN HELDER",150,31,"N",-93
"616",1997,6884,"N",0,23,52.964444,4.745,"DEN HELDER",150,31,"N",-45
"617",1998,6964,"N",0,23,52.964444,4.745,"DEN HELDER",150,31,"N",35
"618",1999,6959,"N",0,23,52.964444,4.745,"DEN HELDER",150,31,"N",30
"619",2000,6957,"N",0,23,52.964444,4.745,"DEN HELDER",150,31,"N",28
"620",2001,6956,"N",0,23,52.964444,4.745,"DEN HELDER",150,31,"N",27
"621",2002,6944,"N",0,23,52.964444,4.745,"DEN HELDER",150,31,"N",15
"622",2003,6934,"N",0,23,52.964444,4.745,"DEN HELDER",150,31,"N",5
"623",2004,6966,"N",0,23,52.964444,4.745,"DEN HELDER",150,31,"N",37
"624",2005,6939,"N",0,23,52.964444,4.745,"DEN HELDER",150,31,"N",-7
"625",2006,6941,"N",0,23,52.964444,4.745,"DEN HELDER",150,31,"N",-5
"626",2007,6988,"N",0,23,52.964444,4.745,"DEN HELDER",150,31,"N",42
"627",2008,6963,"N",0,23,52.964444,4.745,"DEN HELDER",150,31,"N",17
"628",2009,6929,"N",0,23,52.964444,4.745,"DEN HELDER",150,31,"N",-17
"629",2010,6916,"N",0,23,52.964444,4.745,"DEN HELDER",150,31,"N",-30
"630",2011,6963,"N",0,23,52.964444,4.745,"DEN HELDER",150,31,"N",17
"631",2012,6948,"N",0,23,52.964444,4.745,"DEN HELDER",150,31,"N",2
"632",2013,6919,"N",0,23,52.964444,4.745,"DEN HELDER",150,31,"N",-27
"633",2014,6952,"N",0,23,52.964444,4.745,"DEN HELDER",150,31,"N",6
"634",2015,6982,"N",0,23,52.964444,4.745,"DEN HELDER",150,31,"N",36
"635",2016,6963,"N",0,23,52.964444,4.745,"DEN HELDER",150,31,"N",17
"636",2017,7002,"N",0,23,52.964444,4.745,"DEN HELDER",150,31,"N",56
"637",2018,6935,"N",0,23,52.964444,4.745,"DEN HELDER",150,31,"N",-11
"638",1865,6653,"N",0,24,53.326389,6.933056,"DELFZIJL",150,1,"N",-162
"639",1866,6746,"N",0,24,53.326389,6.933056,"DELFZIJL",150,1,"N",-69
"640",1867,6769,"N",0,24,53.326389,6.933056,"DELFZIJL",150,1,"N",-46
"641",1868,6735,"N",0,24,53.326389,6.933056,"DELFZIJL",150,1,"N",-80
"642",1869,6752,"N",0,24,53.326389,6.933056,"DELFZIJL",150,1,"N",-63
"643",1870,6658,"N",0,24,53.326389,6.933056,"DELFZIJL",150,1,"N",-157
"644",1871,6670,"N",0,24,53.326389,6.933056,"DELFZIJL",150,1,"N",-145
"645",1872,6706,"N",0,24,53.326389,6.933056,"DELFZIJL",150,1,"N",-109
"646",1873,6737,"N",0,24,53.326389,6.933056,"DELFZIJL",150,1,"N",-78
"647",1874,6749,"N",0,24,53.326389,6.933056,"DELFZIJL",150,1,"N",-66
"648",1875,6662,"N",0,24,53.326389,6.933056,"DELFZIJL",150,1,"N",-153
"649",1876,6693,"N",0,24,53.326389,6.933056,"DELFZIJL",150,1,"N",-122
"650",1877,6840,"N",0,24,53.326389,6.933056,"DELFZIJL",150,1,"N",25
"651",1878,6766,"N",0,24,53.326389,6.933056,"DELFZIJL",150,1,"N",-49
"652",1879,6681,"N",0,24,53.326389,6.933056,"DELFZIJL",150,1,"N",-134
"653",1880,6738,"N",0,24,53.326389,6.933056,"DELFZIJL",150,1,"N",-77
"654",1881,6672,"N",0,24,53.326389,6.933056,"DELFZIJL",150,1,"N",-143
"655",1882,6701,"N",0,24,53.326389,6.933056,"DELFZIJL",150,1,"N",-114
"656",1883,6653,"N",0,24,53.326389,6.933056,"DELFZIJL",150,1,"N",-162
"657",1884,6670,"N",0,24,53.326389,6.933056,"DELFZIJL",150,1,"N",-145
"658",1885,6676,"N",0,24,53.326389,6.933056,"DELFZIJL",150,1,"N",-139
"659",1886,6657,"N",0,24,53.326389,6.933056,"DELFZIJL",150,1,"N",-158
"660",1887,6690,"N",0,24,53.326389,6.933056,"DELFZIJL",150,1,"N",-125
"661",1888,6658,"N",0,24,53.326389,6.933056,"DELFZIJL",150,1,"N",-157
"662",1889,6694,"N",0,24,53.326389,6.933056,"DELFZIJL",150,1,"N",-121
"663",1890,6672,"N",0,24,53.326389,6.933056,"DELFZIJL",150,1,"N",-143
"664",1891,6696,"N",0,24,53.326389,6.933056,"DELFZIJL",150,1,"N",-119
"665",1892,6696,"N",0,24,53.326389,6.933056,"DELFZIJL",150,1,"N",-119
"666",1893,6740,"N",0,24,53.326389,6.933056,"DELFZIJL",150,1,"N",-75
"667",1894,6707,"N",0,24,53.326389,6.933056,"DELFZIJL",150,1,"N",-108
"668",1895,6695,"N",0,24,53.326389,6.933056,"DELFZIJL",150,1,"N",-120
"669",1896,6701,"N",0,24,53.326389,6.933056,"DELFZIJL",150,1,"N",-114
"670",1897,6701,"N",0,24,53.326389,6.933056,"DELFZIJL",150,1,"N",-114
"671",1898,6758,"N",0,24,53.326389,6.933056,"DELFZIJL",150,1,"N",-57
"672",1899,6732,"N",0,24,53.326389,6.933056,"DELFZIJL",150,1,"N",-83
"673",1900,6711,"N",0,24,53.326389,6.933056,"DELFZIJL",150,1,"N",-104
"674",1901,6693,"N",0,24,53.326389,6.933056,"DELFZIJL",150,1,"N",-122
"675",1902,6662,"N",0,24,53.326389,6.933056,"DELFZIJL",150,1,"N",-153
"676",1903,6787,"N",0,24,53.326389,6.933056,"DELFZIJL",150,1,"N",-28
"677",1904,6689,"N",0,24,53.326389,6.933056,"DELFZIJL",150,1,"N",-126
"678",1905,6627,"N",0,24,53.326389,6.933056,"DELFZIJL",150,1,"N",-188
"679",1906,6708,"N",0,24,53.326389,6.933056,"DELFZIJL",150,1,"N",-107
"680",1907,6693,"N",0,24,53.326389,6.933056,"DELFZIJL",150,1,"N",-122
"681",1908,6700,"N",0,24,53.326389,6.933056,"DELFZIJL",150,1,"N",-115
"682",1909,6747,"N",0,24,53.326389,6.933056,"DELFZIJL",150,1,"N",-68
"683",1910,6757,"N",0,24,53.326389,6.933056,"DELFZIJL",150,1,"N",-58
"684",1911,6769,"N",0,24,53.326389,6.933056,"DELFZIJL",150,1,"N",-46
"685",1912,6837,"N",0,24,53.326389,6.933056,"DELFZIJL",150,1,"N",22
"686",1913,6778,"N",0,24,53.326389,6.933056,"DELFZIJL",150,1,"N",-37
"687",1914,6783,"N",0,24,53.326389,6.933056,"DELFZIJL",150,1,"N",-32
"688",1915,6743,"N",0,24,53.326389,6.933056,"DELFZIJL",150,1,"N",-72
"689",1916,6814,"N",0,24,53.326389,6.933056,"DELFZIJL",150,1,"N",-1
"690",1917,6750,"N",0,24,53.326389,6.933056,"DELFZIJL",150,1,"N",-65
"691",1918,6736,"N",0,24,53.326389,6.933056,"DELFZIJL",150,1,"N",-79
"692",1919,6711,"N",0,24,53.326389,6.933056,"DELFZIJL",150,1,"N",-104
"693",1920,6738,"N",0,24,53.326389,6.933056,"DELFZIJL",150,1,"N",-77
"694",1921,6806,"N",0,24,53.326389,6.933056,"DELFZIJL",150,1,"N",-9
"695",1922,6747,"N",0,24,53.326389,6.933056,"DELFZIJL",150,1,"N",-68
"696",1923,6771,"N",0,24,53.326389,6.933056,"DELFZIJL",150,1,"N",-44
"697",1924,6736,"N",0,24,53.326389,6.933056,"DELFZIJL",150,1,"N",-79
"698",1925,6818,"N",0,24,53.326389,6.933056,"DELFZIJL",150,1,"N",3
"699",1926,6806,"N",0,24,53.326389,6.933056,"DELFZIJL",150,1,"N",-9
"700",1927,6780,"N",0,24,53.326389,6.933056,"DELFZIJL",150,1,"N",-35
"701",1928,6793,"N",0,24,53.326389,6.933056,"DELFZIJL",150,1,"N",-22
"702",1929,6754,"N",0,24,53.326389,6.933056,"DELFZIJL",150,1,"N",-61
"703",1930,6776,"N",0,24,53.326389,6.933056,"DELFZIJL",150,1,"N",-39
"704",1931,6806,"N",0,24,53.326389,6.933056,"DELFZIJL",150,1,"N",-9
"705",1932,6789,"N",0,24,53.326389,6.933056,"DELFZIJL",150,1,"N",-26
"706",1933,6744,"N",0,24,53.326389,6.933056,"DELFZIJL",150,1,"N",-71
"707",1934,6766,"N",0,24,53.326389,6.933056,"DELFZIJL",150,1,"N",-49
"708",1935,6809,"N",0,24,53.326389,6.933056,"DELFZIJL",150,1,"N",-6
"709",1936,6808,"N",0,24,53.326389,6.933056,"DELFZIJL",150,1,"N",-7
"710",1937,6771,"N",0,24,53.326389,6.933056,"DELFZIJL",150,1,"N",-44
"711",1938,6818,"N",0,24,53.326389,6.933056,"DELFZIJL",150,1,"N",3
"712",1939,6755,"N",0,24,53.326389,6.933056,"DELFZIJL",150,1,"N",-60
"713",1940,6776,"N",0,24,53.326389,6.933056,"DELFZIJL",150,1,"N",-39
"714",1941,6724,"N",0,24,53.326389,6.933056,"DELFZIJL",150,1,"N",-91
"715",1942,6745,"N",0,24,53.326389,6.933056,"DELFZIJL",150,1,"N",-70
"716",1943,6813,"N",0,24,53.326389,6.933056,"DELFZIJL",150,1,"N",-2
"717",1944,6844,"N",0,24,53.326389,6.933056,"DELFZIJL",150,1,"N",29
"718",1945,6845,"N",0,24,53.326389,6.933056,"DELFZIJL",150,1,"N",30
"719",1946,6818,"N",0,24,53.326389,6.933056,"DELFZIJL",150,1,"N",3
"720",1947,6717,"N",0,24,53.326389,6.933056,"DELFZIJL",150,1,"N",-98
"721",1948,6813,"N",0,24,53.326389,6.933056,"DELFZIJL",150,1,"N",-2
"722",1949,6836,"N",0,24,53.326389,6.933056,"DELFZIJL",150,1,"N",21
"723",1950,6802,"N",0,24,53.326389,6.933056,"DELFZIJL",150,1,"N",-13
"724",1951,6776,"N",0,24,53.326389,6.933056,"DELFZIJL",150,1,"N",-39
"725",1952,6825,"N",0,24,53.326389,6.933056,"DELFZIJL",150,1,"N",10
"726",1953,6796,"N",0,24,53.326389,6.933056,"DELFZIJL",150,1,"N",-19
"727",1954,6804,"N",0,24,53.326389,6.933056,"DELFZIJL",150,1,"N",-11
"728",1955,6827,"N",0,24,53.326389,6.933056,"DELFZIJL",150,1,"N",12
"729",1956,6783,"N",0,24,53.326389,6.933056,"DELFZIJL",150,1,"N",-32
"730",1957,6803,"N",0,24,53.326389,6.933056,"DELFZIJL",150,1,"N",-12
"731",1958,6793,"N",0,24,53.326389,6.933056,"DELFZIJL",150,1,"N",-22
"732",1959,6760,"N",0,24,53.326389,6.933056,"DELFZIJL",150,1,"N",-55
"733",1960,6808,"N",0,24,53.326389,6.933056,"DELFZIJL",150,1,"N",-7
"734",1961,6909,"N",0,24,53.326389,6.933056,"DELFZIJL",150,1,"N",94
"735",1962,6839,"N",0,24,53.326389,6.933056,"DELFZIJL",150,1,"N",24
"736",1963,6794,"N",0,24,53.326389,6.933056,"DELFZIJL",150,1,"N",-21
"737",1964,6809,"N",0,24,53.326389,6.933056,"DELFZIJL",150,1,"N",-6
"738",1965,6823,"N",0,24,53.326389,6.933056,"DELFZIJL",150,1,"N",8
"739",1966,6853,"N",0,24,53.326389,6.933056,"DELFZIJL",150,1,"N",38
"740",1967,6926,"N",0,24,53.326389,6.933056,"DELFZIJL",150,1,"N",111
"741",1968,6860,"N",0,24,53.326389,6.933056,"DELFZIJL",150,1,"N",45
"742",1969,6835,"N",0,24,53.326389,6.933056,"DELFZIJL",150,1,"N",20
"743",1970,6885,"N",0,24,53.326389,6.933056,"DELFZIJL",150,1,"N",70
"744",1971,6849,"N",0,24,53.326389,6.933056,"DELFZIJL",150,1,"N",34
"745",1972,6766,"N",0,24,53.326389,6.933056,"DELFZIJL",150,1,"N",-49
"746",1973,6858,"N",0,24,53.326389,6.933056,"DELFZIJL",150,1,"N",43
"747",1974,6858,"N",0,24,53.326389,6.933056,"DELFZIJL",150,1,"N",43
"748",1975,6830,"N",0,24,53.326389,6.933056,"DELFZIJL",150,1,"N",15
"749",1976,6801,"N",0,24,53.326389,6.933056,"DELFZIJL",150,1,"N",-14
"750",1977,6838,"N",0,24,53.326389,6.933056,"DELFZIJL",150,1,"N",23
"751",1978,6838,"N",0,24,53.326389,6.933056,"DELFZIJL",150,1,"N",23
"752",1979,6824,"N",0,24,53.326389,6.933056,"DELFZIJL",150,1,"N",9
"753",1980,6868,"N",0,24,53.326389,6.933056,"DELFZIJL",150,1,"N",53
"754",1981,6930,"N",0,24,53.326389,6.933056,"DELFZIJL",150,1,"N",115
"755",1982,6902,"N",0,24,53.326389,6.933056,"DELFZIJL",150,1,"N",87
"756",1983,6951,"N",0,24,53.326389,6.933056,"DELFZIJL",150,1,"N",136
"757",1984,6854,"N",0,24,53.326389,6.933056,"DELFZIJL",150,1,"N",39
"758",1985,6870,"N",0,24,53.326389,6.933056,"DELFZIJL",150,1,"N",55
"759",1986,6842,"N",0,24,53.326389,6.933056,"DELFZIJL",150,1,"N",27
"760",1987,6846,"N",0,24,53.326389,6.933056,"DELFZIJL",150,1,"N",31
"761",1988,6934,"N",0,24,53.326389,6.933056,"DELFZIJL",150,1,"N",119
"762",1989,6898,"N",0,24,53.326389,6.933056,"DELFZIJL",150,1,"N",83
"763",1990,6947,"N",0,24,53.326389,6.933056,"DELFZIJL",150,1,"N",132
"764",1991,6832,"N",0,24,53.326389,6.933056,"DELFZIJL",150,1,"N",17
"765",1992,6880,"N",0,24,53.326389,6.933056,"DELFZIJL",150,1,"N",65
"766",1993,6877,"N",0,24,53.326389,6.933056,"DELFZIJL",150,1,"N",62
"767",1994,6916,"N",0,24,53.326389,6.933056,"DELFZIJL",150,1,"N",101
"768",1995,6929,"N",0,24,53.326389,6.933056,"DELFZIJL",150,1,"N",114
"769",1996,6786,"N",0,24,53.326389,6.933056,"DELFZIJL",150,1,"N",-29
"770",1997,6862,"N",0,24,53.326389,6.933056,"DELFZIJL",150,1,"N",47
"771",1998,6954,"N",0,24,53.326389,6.933056,"DELFZIJL",150,1,"N",139
"772",1999,6946,"N",0,24,53.326389,6.933056,"DELFZIJL",150,1,"N",131
"773",2000,6940,"N",0,24,53.326389,6.933056,"DELFZIJL",150,1,"N",125
"774",2001,6949,"N",0,24,53.326389,6.933056,"DELFZIJL",150,1,"N",134
"775",2002,6929,"N",0,24,53.326389,6.933056,"DELFZIJL",150,1,"N",114
"776",2003,6909,"N",0,24,53.326389,6.933056,"DELFZIJL",150,1,"N",94
"777",2004,6939,"N",0,24,53.326389,6.933056,"DELFZIJL",150,1,"N",124
"778",2005,6904,"N",0,24,53.326389,6.933056,"DELFZIJL",150,1,"N",81
"779",2006,6903,"N",0,24,53.326389,6.933056,"DELFZIJL",150,1,"N",80
"780",2007,6978,"N",0,24,53.326389,6.933056,"DELFZIJL",150,1,"N",155
"781",2008,6940,"N",0,24,53.326389,6.933056,"DELFZIJL",150,1,"N",117
"782",2009,6904,"N",0,24,53.326389,6.933056,"DELFZIJL",150,1,"N",81
"783",2010,6890,"N",0,24,53.326389,6.933056,"DELFZIJL",150,1,"N",67
"784",2011,6945,"N",0,24,53.326389,6.933056,"DELFZIJL",150,1,"N",122
"785",2012,6929,"N",0,24,53.326389,6.933056,"DELFZIJL",150,1,"N",106
"786",2013,6905,"N",0,24,53.326389,6.933056,"DELFZIJL",150,1,"N",82
"787",2014,6949,"N",0,24,53.326389,6.933056,"DELFZIJL",150,1,"N",126
"788",2015,7002,"N",0,24,53.326389,6.933056,"DELFZIJL",150,1,"N",179
"789",2016,6967,"N",0,24,53.326389,6.933056,"DELFZIJL",150,1,"N",144
"790",2017,7025,"N",0,24,53.326389,6.933056,"DELFZIJL",150,1,"N",202
"791",2018,6928,"N",0,24,53.326389,6.933056,"DELFZIJL",150,1,"N",105
"792",1865,6666,"N",0,25,53.175556,5.409444,"HARLINGEN",150,21,"N",-241
"793",1866,6810,"N",0,25,53.175556,5.409444,"HARLINGEN",150,21,"N",-97
"794",1867,6781,"N",0,25,53.175556,5.409444,"HARLINGEN",150,21,"N",-126
"795",1868,6791,"N",0,25,53.175556,5.409444,"HARLINGEN",150,21,"N",-116
"796",1869,6773,"N",0,25,53.175556,5.409444,"HARLINGEN",150,21,"N",-134
"797",1870,6671,"N",0,25,53.175556,5.409444,"HARLINGEN",150,21,"N",-236
"798",1871,6747,"N",0,25,53.175556,5.409444,"HARLINGEN",150,21,"N",-160
"799",1872,6802,"N",0,25,53.175556,5.409444,"HARLINGEN",150,21,"N",-105
"800",1873,6816,"N",0,25,53.175556,5.409444,"HARLINGEN",150,21,"N",-91
"801",1874,6807,"N",0,25,53.175556,5.409444,"HARLINGEN",150,21,"N",-100
"802",1875,6729,"N",0,25,53.175556,5.409444,"HARLINGEN",150,21,"N",-178
"803",1876,6781,"N",0,25,53.175556,5.409444,"HARLINGEN",150,21,"N",-126
"804",1877,6861,"N",0,25,53.175556,5.409444,"HARLINGEN",150,21,"N",-46
"805",1878,6856,"N",0,25,53.175556,5.409444,"HARLINGEN",150,21,"N",-51
"806",1879,6775,"N",0,25,53.175556,5.409444,"HARLINGEN",150,21,"N",-132
"807",1880,6856,"N",0,25,53.175556,5.409444,"HARLINGEN",150,21,"N",-51
"808",1881,6785,"N",0,25,53.175556,5.409444,"HARLINGEN",150,21,"N",-122
"809",1882,6830,"N",0,25,53.175556,5.409444,"HARLINGEN",150,21,"N",-77
"810",1883,6805,"N",0,25,53.175556,5.409444,"HARLINGEN",150,21,"N",-102
"811",1884,6827,"N",0,25,53.175556,5.409444,"HARLINGEN",150,21,"N",-80
"812",1885,6790,"N",0,25,53.175556,5.409444,"HARLINGEN",150,21,"N",-117
"813",1886,6780,"N",0,25,53.175556,5.409444,"HARLINGEN",150,21,"N",-127
"814",1887,6772,"N",0,25,53.175556,5.409444,"HARLINGEN",150,21,"N",-135
"815",1888,6763,"N",0,25,53.175556,5.409444,"HARLINGEN",150,21,"N",-144
"816",1889,6800,"N",0,25,53.175556,5.409444,"HARLINGEN",150,21,"N",-107
"817",1890,6794,"N",0,25,53.175556,5.409444,"HARLINGEN",150,21,"N",-113
"818",1891,6814,"N",0,25,53.175556,5.409444,"HARLINGEN",150,21,"N",-93
"819",1892,6823,"N",0,25,53.175556,5.409444,"HARLINGEN",150,21,"N",-84
"820",1893,6840,"N",0,25,53.175556,5.409444,"HARLINGEN",150,21,"N",-67
"821",1894,6844,"N",0,25,53.175556,5.409444,"HARLINGEN",150,21,"N",-63
"822",1895,6810,"N",0,25,53.175556,5.409444,"HARLINGEN",150,21,"N",-97
"823",1896,6813,"N",0,25,53.175556,5.409444,"HARLINGEN",150,21,"N",-94
"824",1897,6832,"N",0,25,53.175556,5.409444,"HARLINGEN",150,21,"N",-75
"825",1898,6872,"N",0,25,53.175556,5.409444,"HARLINGEN",150,21,"N",-35
"826",1899,6835,"N",0,25,53.175556,5.409444,"HARLINGEN",150,21,"N",-72
"827",1900,6800,"N",0,25,53.175556,5.409444,"HARLINGEN",150,21,"N",-107
"828",1901,6788,"N",0,25,53.175556,5.409444,"HARLINGEN",150,21,"N",-119
"829",1902,6778,"N",0,25,53.175556,5.409444,"HARLINGEN",150,21,"N",-129
"830",1903,6899,"N",0,25,53.175556,5.409444,"HARLINGEN",150,21,"N",-8
"831",1904,6830,"N",0,25,53.175556,5.409444,"HARLINGEN",150,21,"N",-77
"832",1905,6836,"N",0,25,53.175556,5.409444,"HARLINGEN",150,21,"N",-71
"833",1906,6864,"N",0,25,53.175556,5.409444,"HARLINGEN",150,21,"N",-43
"834",1907,6836,"N",0,25,53.175556,5.409444,"HARLINGEN",150,21,"N",-71
"835",1908,6809,"N",0,25,53.175556,5.409444,"HARLINGEN",150,21,"N",-98
"836",1909,6855,"N",0,25,53.175556,5.409444,"HARLINGEN",150,21,"N",-52
"837",1910,6867,"N",0,25,53.175556,5.409444,"HARLINGEN",150,21,"N",-40
"838",1911,6837,"N",0,25,53.175556,5.409444,"HARLINGEN",150,21,"N",-70
"839",1912,6913,"N",0,25,53.175556,5.409444,"HARLINGEN",150,21,"N",6
"840",1913,6889,"N",0,25,53.175556,5.409444,"HARLINGEN",150,21,"N",-18
"841",1914,6904,"N",0,25,53.175556,5.409444,"HARLINGEN",150,21,"N",-3
"842",1915,6840,"N",0,25,53.175556,5.409444,"HARLINGEN",150,21,"N",-67
"843",1916,6910,"N",0,25,53.175556,5.409444,"HARLINGEN",150,21,"N",3
"844",1917,6861,"N",0,25,53.175556,5.409444,"HARLINGEN",150,21,"N",-46
"845",1918,6880,"N",0,25,53.175556,5.409444,"HARLINGEN",150,21,"N",-27
"846",1919,6854,"N",0,25,53.175556,5.409444,"HARLINGEN",150,21,"N",-53
"847",1920,6861,"N",0,25,53.175556,5.409444,"HARLINGEN",150,21,"N",-46
"848",1921,6879,"N",0,25,53.175556,5.409444,"HARLINGEN",150,21,"N",-28
"849",1922,6862,"N",0,25,53.175556,5.409444,"HARLINGEN",150,21,"N",-45
"850",1923,6906,"N",0,25,53.175556,5.409444,"HARLINGEN",150,21,"N",-1
"851",1924,6875,"N",0,25,53.175556,5.409444,"HARLINGEN",150,21,"N",-32
"852",1925,6932,"N",0,25,53.175556,5.409444,"HARLINGEN",150,21,"N",25
"853",1926,6920,"N",0,25,53.175556,5.409444,"HARLINGEN",150,21,"N",13
"854",1927,6904,"N",0,25,53.175556,5.409444,"HARLINGEN",150,21,"N",-3
"855",1928,6922,"N",0,25,53.175556,5.409444,"HARLINGEN",150,21,"N",15
"856",1929,6846,"N",0,25,53.175556,5.409444,"HARLINGEN",150,21,"N",-61
"857",1930,6878,"N",0,25,53.175556,5.409444,"HARLINGEN",150,21,"N",-29
"858",1931,6899,"N",0,25,53.175556,5.409444,"HARLINGEN",150,21,"N",-8
"859",1932,6885,"N",0,25,53.175556,5.409444,"HARLINGEN",150,21,"N",-22
"860",1933,6829,"N",0,25,53.175556,5.409444,"HARLINGEN",150,21,"N",-78
"861",1934,6859,"N",0,25,53.175556,5.409444,"HARLINGEN",150,21,"N",-48
"862",1935,6911,"N",0,25,53.175556,5.409444,"HARLINGEN",150,21,"N",4
"863",1936,6901,"N",0,25,53.175556,5.409444,"HARLINGEN",150,21,"N",-6
"864",1937,6868,"N",0,25,53.175556,5.409444,"HARLINGEN",150,21,"N",-39
"865",1938,6901,"N",0,25,53.175556,5.409444,"HARLINGEN",150,21,"N",-6
"866",1939,6851,"N",0,25,53.175556,5.409444,"HARLINGEN",150,21,"N",-56
"867",1940,6857,"N",0,25,53.175556,5.409444,"HARLINGEN",150,21,"N",-50
"868",1941,6819,"N",0,25,53.175556,5.409444,"HARLINGEN",150,21,"N",-88
"869",1942,6855,"N",0,25,53.175556,5.409444,"HARLINGEN",150,21,"N",-52
"870",1943,6901,"N",0,25,53.175556,5.409444,"HARLINGEN",150,21,"N",-6
"871",1944,6903,"N",0,25,53.175556,5.409444,"HARLINGEN",150,21,"N",-4
"872",1945,6905,"N",0,25,53.175556,5.409444,"HARLINGEN",150,21,"N",-2
"873",1946,6882,"N",0,25,53.175556,5.409444,"HARLINGEN",150,21,"N",-25
"874",1947,6811,"N",0,25,53.175556,5.409444,"HARLINGEN",150,21,"N",-96
"875",1948,6904,"N",0,25,53.175556,5.409444,"HARLINGEN",150,21,"N",-3
"876",1949,6922,"N",0,25,53.175556,5.409444,"HARLINGEN",150,21,"N",15
"877",1950,6916,"N",0,25,53.175556,5.409444,"HARLINGEN",150,21,"N",9
"878",1951,6895,"N",0,25,53.175556,5.409444,"HARLINGEN",150,21,"N",-12
"879",1952,6917,"N",0,25,53.175556,5.409444,"HARLINGEN",150,21,"N",10
"880",1953,6872,"N",0,25,53.175556,5.409444,"HARLINGEN",150,21,"N",-35
"881",1954,6898,"N",0,25,53.175556,5.409444,"HARLINGEN",150,21,"N",-9
"882",1955,6895,"N",0,25,53.175556,5.409444,"HARLINGEN",150,21,"N",-12
"883",1956,6853,"N",0,25,53.175556,5.409444,"HARLINGEN",150,21,"N",-54
"884",1957,6899,"N",0,25,53.175556,5.409444,"HARLINGEN",150,21,"N",-8
"885",1958,6905,"N",0,25,53.175556,5.409444,"HARLINGEN",150,21,"N",-2
"886",1959,6855,"N",0,25,53.175556,5.409444,"HARLINGEN",150,21,"N",-52
"887",1960,6890,"N",0,25,53.175556,5.409444,"HARLINGEN",150,21,"N",-17
"888",1961,6972,"N",0,25,53.175556,5.409444,"HARLINGEN",150,21,"N",65
"889",1962,6918,"N",0,25,53.175556,5.409444,"HARLINGEN",150,21,"N",11
"890",1963,6841,"N",0,25,53.175556,5.409444,"HARLINGEN",150,21,"N",-66
"891",1964,6854,"N",0,25,53.175556,5.409444,"HARLINGEN",150,21,"N",-53
"892",1965,6925,"N",0,25,53.175556,5.409444,"HARLINGEN",150,21,"N",18
"893",1966,6941,"N",0,25,53.175556,5.409444,"HARLINGEN",150,21,"N",34
"894",1967,7003,"N",0,25,53.175556,5.409444,"HARLINGEN",150,21,"N",96
"895",1968,6912,"N",0,25,53.175556,5.409444,"HARLINGEN",150,21,"N",5
"896",1969,6911,"N",0,25,53.175556,5.409444,"HARLINGEN",150,21,"N",4
"897",1970,6977,"N",0,25,53.175556,5.409444,"HARLINGEN",150,21,"N",70
"898",1971,6899,"N",0,25,53.175556,5.409444,"HARLINGEN",150,21,"N",-8
"899",1972,6901,"N",0,25,53.175556,5.409444,"HARLINGEN",150,21,"N",-6
"900",1973,6962,"N",0,25,53.175556,5.409444,"HARLINGEN",150,21,"N",55
"901",1974,6957,"N",0,25,53.175556,5.409444,"HARLINGEN",150,21,"N",50
"902",1975,6906,"N",0,25,53.175556,5.409444,"HARLINGEN",150,21,"N",-1
"903",1976,6872,"N",0,25,53.175556,5.409444,"HARLINGEN",150,21,"N",-35
"904",1977,6935,"N",0,25,53.175556,5.409444,"HARLINGEN",150,21,"N",28
"905",1978,6907,"N",0,25,53.175556,5.409444,"HARLINGEN",150,21,"N",0
"906",1979,6929,"N",0,25,53.175556,5.409444,"HARLINGEN",150,21,"N",22
"907",1980,6966,"N",0,25,53.175556,5.409444,"HARLINGEN",150,21,"N",59
"908",1981,6990,"N",0,25,53.175556,5.409444,"HARLINGEN",150,21,"N",83
"909",1982,6965,"N",0,25,53.175556,5.409444,"HARLINGEN",150,21,"N",58
"910",1983,7014,"N",0,25,53.175556,5.409444,"HARLINGEN",150,21,"N",107
"911",1984,6930,"N",0,25,53.175556,5.409444,"HARLINGEN",150,21,"N",23
"912",1985,6930,"N",0,25,53.175556,5.409444,"HARLINGEN",150,21,"N",23
"913",1986,6932,"N",0,25,53.175556,5.409444,"HARLINGEN",150,21,"N",25
"914",1987,6903,"N",0,25,53.175556,5.409444,"HARLINGEN",150,21,"N",-4
"915",1988,7001,"N",0,25,53.175556,5.409444,"HARLINGEN",150,21,"N",94
"916",1989,6949,"N",0,25,53.175556,5.409444,"HARLINGEN",150,21,"N",42
"917",1990,7009,"N",0,25,53.175556,5.409444,"HARLINGEN",150,21,"N",102
"918",1991,6872,"N",0,25,53.175556,5.409444,"HARLINGEN",150,21,"N",-35
"919",1992,6923,"N",0,25,53.175556,5.409444,"HARLINGEN",150,21,"N",16
"920",1993,6917,"N",0,25,53.175556,5.409444,"HARLINGEN",150,21,"N",10
"921",1994,6969,"N",0,25,53.175556,5.409444,"HARLINGEN",150,21,"N",62
"922",1995,6967,"N",0,25,53.175556,5.409444,"HARLINGEN",150,21,"N",60
"923",1996,6819,"N",0,25,53.175556,5.409444,"HARLINGEN",150,21,"N",-88
"924",1997,6905,"N",0,25,53.175556,5.409444,"HARLINGEN",150,21,"N",-2
"925",1998,7003,"N",0,25,53.175556,5.409444,"HARLINGEN",150,21,"N",96
"926",1999,6994,"N",0,25,53.175556,5.409444,"HARLINGEN",150,21,"N",87
"927",2000,6991,"N",0,25,53.175556,5.409444,"HARLINGEN",150,21,"N",84
"928",2001,6981,"N",0,25,53.175556,5.409444,"HARLINGEN",150,21,"N",74
"929",2002,6967,"N",0,25,53.175556,5.409444,"HARLINGEN",150,21,"N",60
"930",2003,6953,"N",0,25,53.175556,5.409444,"HARLINGEN",150,21,"N",46
"931",2004,7002,"N",0,25,53.175556,5.409444,"HARLINGEN",150,21,"N",95
"932",2005,6972,"N",0,25,53.175556,5.409444,"HARLINGEN",150,21,"N",58
"933",2006,6979,"N",0,25,53.175556,5.409444,"HARLINGEN",150,21,"N",65
"934",2007,7036,"N",0,25,53.175556,5.409444,"HARLINGEN",150,21,"N",122
"935",2008,7012,"N",0,25,53.175556,5.409444,"HARLINGEN",150,21,"N",98
"936",2009,6966,"N",0,25,53.175556,5.409444,"HARLINGEN",150,21,"N",52
"937",2010,6944,"N",0,25,53.175556,5.409444,"HARLINGEN",150,21,"N",30
"938",2011,7010,"N",0,25,53.175556,5.409444,"HARLINGEN",150,21,"N",96
"939",2012,6997,"N",0,25,53.175556,5.409444,"HARLINGEN",150,21,"N",83
"940",2013,6954,"N",0,25,53.175556,5.409444,"HARLINGEN",150,21,"N",40
"941",2014,7007,"N",0,25,53.175556,5.409444,"HARLINGEN",150,21,"N",93
"942",2015,7054,"N",0,25,53.175556,5.409444,"HARLINGEN",150,21,"N",140
"943",2016,7017,"N",0,25,53.175556,5.409444,"HARLINGEN",150,21,"N",103
"944",2017,7063,"N",0,25,53.175556,5.409444,"HARLINGEN",150,21,"N",149
"945",2018,6961,"N",0,25,53.175556,5.409444,"HARLINGEN",150,21,"N",47
"946",1872,6811,"N",0,32,52.462222,4.554722,"IJMUIDEN",150,41,"N",-118
"947",1873,6856,"N",0,32,52.462222,4.554722,"IJMUIDEN",150,41,"N",-73
"948",1874,6846,"N",0,32,52.462222,4.554722,"IJMUIDEN",150,41,"N",-83
"949",1875,6775,"N",0,32,52.462222,4.554722,"IJMUIDEN",150,41,"N",-154
"950",1876,6818,"N",0,32,52.462222,4.554722,"IJMUIDEN",150,41,"N",-111
"951",1877,6918,"N",0,32,52.462222,4.554722,"IJMUIDEN",150,41,"N",-11
"952",1878,6911,"N",0,32,52.462222,4.554722,"IJMUIDEN",150,41,"N",-18
"953",1879,6833,"N",0,32,52.462222,4.554722,"IJMUIDEN",150,41,"N",-96
"954",1880,6853,"N",0,32,52.462222,4.554722,"IJMUIDEN",150,41,"N",-76
"955",1881,6784,"N",0,32,52.462222,4.554722,"IJMUIDEN",150,41,"N",-145
"956",1882,6889,"N",0,32,52.462222,4.554722,"IJMUIDEN",150,41,"N",-40
"957",1883,6848,"N",0,32,52.462222,4.554722,"IJMUIDEN",150,41,"N",-81
"958",1884,6797,"N",0,32,52.462222,4.554722,"IJMUIDEN",150,41,"N",-132
"959",1885,6784,"N",0,32,52.462222,4.554722,"IJMUIDEN",150,41,"N",-145
"960",1886,6789,"N",0,32,52.462222,4.554722,"IJMUIDEN",150,41,"N",-140
"961",1887,6717,"N",0,32,52.462222,4.554722,"IJMUIDEN",150,41,"N",-212
"962",1888,6691,"N",0,32,52.462222,4.554722,"IJMUIDEN",150,41,"N",-238
"963",1889,6744,"N",0,32,52.462222,4.554722,"IJMUIDEN",150,41,"N",-185
"964",1890,6714,"N",0,32,52.462222,4.554722,"IJMUIDEN",150,41,"N",-215
"965",1891,6753,"N",0,32,52.462222,4.554722,"IJMUIDEN",150,41,"N",-176
"966",1892,6786,"N",0,32,52.462222,4.554722,"IJMUIDEN",150,41,"N",-143
"967",1893,6833,"N",0,32,52.462222,4.554722,"IJMUIDEN",150,41,"N",-96
"968",1894,6828,"N",0,32,52.462222,4.554722,"IJMUIDEN",150,41,"N",-101
"969",1895,6726,"N",0,32,52.462222,4.554722,"IJMUIDEN",150,41,"N",-203
"970",1896,6720,"N",0,32,52.462222,4.554722,"IJMUIDEN",150,41,"N",-209
"971",1897,6738,"N",0,32,52.462222,4.554722,"IJMUIDEN",150,41,"N",-191
"972",1898,6772,"N",0,32,52.462222,4.554722,"IJMUIDEN",150,41,"N",-157
"973",1899,6784,"N",0,32,52.462222,4.554722,"IJMUIDEN",150,41,"N",-145
"974",1900,6757,"N",0,32,52.462222,4.554722,"IJMUIDEN",150,41,"N",-172
"975",1901,6751,"N",0,32,52.462222,4.554722,"IJMUIDEN",150,41,"N",-178
"976",1902,6675,"N",0,32,52.462222,4.554722,"IJMUIDEN",150,41,"N",-254
"977",1903,6767,"N",0,32,52.462222,4.554722,"IJMUIDEN",150,41,"N",-162
"978",1904,6730,"N",0,32,52.462222,4.554722,"IJMUIDEN",150,41,"N",-199
"979",1905,6721,"N",0,32,52.462222,4.554722,"IJMUIDEN",150,41,"N",-208
"980",1906,6762,"N",0,32,52.462222,4.554722,"IJMUIDEN",150,41,"N",-167
"981",1907,6712,"N",0,32,52.462222,4.554722,"IJMUIDEN",150,41,"N",-217
"982",1908,6713,"N",0,32,52.462222,4.554722,"IJMUIDEN",150,41,"N",-216
"983",1909,6793,"N",0,32,52.462222,4.554722,"IJMUIDEN",150,41,"N",-136
"984",1910,6807,"N",0,32,52.462222,4.554722,"IJMUIDEN",150,41,"N",-122
"985",1911,6783,"N",0,32,52.462222,4.554722,"IJMUIDEN",150,41,"N",-146
"986",1912,6844,"N",0,32,52.462222,4.554722,"IJMUIDEN",150,41,"N",-85
"987",1913,6824,"N",0,32,52.462222,4.554722,"IJMUIDEN",150,41,"N",-105
"988",1914,6848,"N",0,32,52.462222,4.554722,"IJMUIDEN",150,41,"N",-81
"989",1915,6814,"N",0,32,52.462222,4.554722,"IJMUIDEN",150,41,"N",-115
"990",1916,6863,"N",0,32,52.462222,4.554722,"IJMUIDEN",150,41,"N",-66
"991",1917,6806,"N",0,32,52.462222,4.554722,"IJMUIDEN",150,41,"N",-123
"992",1918,6790,"N",0,32,52.462222,4.554722,"IJMUIDEN",150,41,"N",-139
"993",1919,6740,"N",0,32,52.462222,4.554722,"IJMUIDEN",150,41,"N",-189
"994",1920,6738,"N",0,32,52.462222,4.554722,"IJMUIDEN",150,41,"N",-191
"995",1921,6755,"N",0,32,52.462222,4.554722,"IJMUIDEN",150,41,"N",-174
"996",1922,6755,"N",0,32,52.462222,4.554722,"IJMUIDEN",150,41,"N",-174
"997",1923,6777,"N",0,32,52.462222,4.554722,"IJMUIDEN",150,41,"N",-152
"998",1924,6761,"N",0,32,52.462222,4.554722,"IJMUIDEN",150,41,"N",-168
"999",1925,6807,"N",0,32,52.462222,4.554722,"IJMUIDEN",150,41,"N",-122
"1000",1926,6798,"N",0,32,52.462222,4.554722,"IJMUIDEN",150,41,"N",-131
"1001",1927,6831,"N",0,32,52.462222,4.554722,"IJMUIDEN",150,41,"N",-98
"1002",1928,6851,"N",0,32,52.462222,4.554722,"IJMUIDEN",150,41,"N",-78
"1003",1929,6791,"N",0,32,52.462222,4.554722,"IJMUIDEN",150,41,"N",-138
"1004",1930,6834,"N",0,32,52.462222,4.554722,"IJMUIDEN",150,41,"N",-95
"1005",1931,6835,"N",0,32,52.462222,4.554722,"IJMUIDEN",150,41,"N",-94
"1006",1932,6824,"N",0,32,52.462222,4.554722,"IJMUIDEN",150,41,"N",-105
"1007",1933,6778,"N",0,32,52.462222,4.554722,"IJMUIDEN",150,41,"N",-151
"1008",1934,6796,"N",0,32,52.462222,4.554722,"IJMUIDEN",150,41,"N",-133
"1009",1935,6842,"N",0,32,52.462222,4.554722,"IJMUIDEN",150,41,"N",-87
"1010",1936,6875,"N",0,32,52.462222,4.554722,"IJMUIDEN",150,41,"N",-54
"1011",1937,6873,"N",0,32,52.462222,4.554722,"IJMUIDEN",150,41,"N",-56
"1012",1938,6841,"N",0,32,52.462222,4.554722,"IJMUIDEN",150,41,"N",-88
"1013",1939,6844,"N",0,32,52.462222,4.554722,"IJMUIDEN",150,41,"N",-85
"1014",1940,6839,"N",0,32,52.462222,4.554722,"IJMUIDEN",150,41,"N",-90
"1015",1941,6817,"N",0,32,52.462222,4.554722,"IJMUIDEN",150,41,"N",-112
"1016",1942,6827,"N",0,32,52.462222,4.554722,"IJMUIDEN",150,41,"N",-102
"1017",1943,6884,"N",0,32,52.462222,4.554722,"IJMUIDEN",150,41,"N",-45
"1018",1944,6904,"N",0,32,52.462222,4.554722,"IJMUIDEN",150,41,"N",-25
"1019",1945,6840,"N",0,32,52.462222,4.554722,"IJMUIDEN",150,41,"N",-89
"1020",1946,6829,"N",0,32,52.462222,4.554722,"IJMUIDEN",150,41,"N",-100
"1021",1947,6804,"N",0,32,52.462222,4.554722,"IJMUIDEN",150,41,"N",-125
"1022",1948,6895,"N",0,32,52.462222,4.554722,"IJMUIDEN",150,41,"N",-34
"1023",1949,6899,"N",0,32,52.462222,4.554722,"IJMUIDEN",150,41,"N",-30
"1024",1950,6909,"N",0,32,52.462222,4.554722,"IJMUIDEN",150,41,"N",-20
"1025",1951,6897,"N",0,32,52.462222,4.554722,"IJMUIDEN",150,41,"N",-32
"1026",1952,6917,"N",0,32,52.462222,4.554722,"IJMUIDEN",150,41,"N",-12
"1027",1953,6865,"N",0,32,52.462222,4.554722,"IJMUIDEN",150,41,"N",-64
"1028",1954,6887,"N",0,32,52.462222,4.554722,"IJMUIDEN",150,41,"N",-42
"1029",1955,6912,"N",0,32,52.462222,4.554722,"IJMUIDEN",150,41,"N",-17
"1030",1956,6855,"N",0,32,52.462222,4.554722,"IJMUIDEN",150,41,"N",-74
"1031",1957,6885,"N",0,32,52.462222,4.554722,"IJMUIDEN",150,41,"N",-44
"1032",1958,6886,"N",0,32,52.462222,4.554722,"IJMUIDEN",150,41,"N",-43
"1033",1959,6859,"N",0,32,52.462222,4.554722,"IJMUIDEN",150,41,"N",-70
"1034",1960,6908,"N",0,32,52.462222,4.554722,"IJMUIDEN",150,41,"N",-21
"1035",1961,6953,"N",0,32,52.462222,4.554722,"IJMUIDEN",150,41,"N",24
"1036",1962,6903,"N",0,32,52.462222,4.554722,"IJMUIDEN",150,41,"N",-26
"1037",1963,6864,"N",0,32,52.462222,4.554722,"IJMUIDEN",150,41,"N",-65
"1038",1964,6876,"N",0,32,52.462222,4.554722,"IJMUIDEN",150,41,"N",-53
"1039",1965,6915,"N",0,32,52.462222,4.554722,"IJMUIDEN",150,41,"N",-14
"1040",1966,6957,"N",0,32,52.462222,4.554722,"IJMUIDEN",150,41,"N",28
"1041",1967,6966,"N",0,32,52.462222,4.554722,"IJMUIDEN",150,41,"N",37
"1042",1968,6898,"N",0,32,52.462222,4.554722,"IJMUIDEN",150,41,"N",-31
"1043",1969,6883,"N",0,32,52.462222,4.554722,"IJMUIDEN",150,41,"N",-46
"1044",1970,6907,"N",0,32,52.462222,4.554722,"IJMUIDEN",150,41,"N",-22
"1045",1971,6866,"N",0,32,52.462222,4.554722,"IJMUIDEN",150,41,"N",-63
"1046",1972,6833,"N",0,32,52.462222,4.554722,"IJMUIDEN",150,41,"N",-96
"1047",1973,6899,"N",0,32,52.462222,4.554722,"IJMUIDEN",150,41,"N",-30
"1048",1974,6908,"N",0,32,52.462222,4.554722,"IJMUIDEN",150,41,"N",-21
"1049",1975,6864,"N",0,32,52.462222,4.554722,"IJMUIDEN",150,41,"N",-65
"1050",1976,6841,"N",0,32,52.462222,4.554722,"IJMUIDEN",150,41,"N",-88
"1051",1977,6892,"N",0,32,52.462222,4.554722,"IJMUIDEN",150,41,"N",-37
"1052",1978,6922,"N",0,32,52.462222,4.554722,"IJMUIDEN",150,41,"N",-7
"1053",1979,6912,"N",0,32,52.462222,4.554722,"IJMUIDEN",150,41,"N",-17
"1054",1980,6955,"N",0,32,52.462222,4.554722,"IJMUIDEN",150,41,"N",26
"1055",1981,6952,"N",0,32,52.462222,4.554722,"IJMUIDEN",150,41,"N",23
"1056",1982,6937,"N",0,32,52.462222,4.554722,"IJMUIDEN",150,41,"N",8
"1057",1983,6976,"N",0,32,52.462222,4.554722,"IJMUIDEN",150,41,"N",47
"1058",1984,6922,"N",0,32,52.462222,4.554722,"IJMUIDEN",150,41,"N",-7
"1059",1985,6920,"N",0,32,52.462222,4.554722,"IJMUIDEN",150,41,"N",-9
"1060",1986,6916,"N",0,32,52.462222,4.554722,"IJMUIDEN",150,41,"N",-13
"1061",1987,6916,"N",0,32,52.462222,4.554722,"IJMUIDEN",150,41,"N",-13
"1062",1988,6980,"N",0,32,52.462222,4.554722,"IJMUIDEN",150,41,"N",51
"1063",1989,6955,"N",0,32,52.462222,4.554722,"IJMUIDEN",150,41,"N",26
"1064",1990,6983,"N",0,32,52.462222,4.554722,"IJMUIDEN",150,41,"N",54
"1065",1991,6888,"N",0,32,52.462222,4.554722,"IJMUIDEN",150,41,"N",-41
"1066",1992,6935,"N",0,32,52.462222,4.554722,"IJMUIDEN",150,41,"N",6
"1067",1993,6929,"N",0,32,52.462222,4.554722,"IJMUIDEN",150,41,"N",0
"1068",1994,6971,"N",0,32,52.462222,4.554722,"IJMUIDEN",150,41,"N",42
"1069",1995,6972,"N",0,32,52.462222,4.554722,"IJMUIDEN",150,41,"N",43
"1070",1996,6871,"N",0,32,52.462222,4.554722,"IJMUIDEN",150,41,"N",-58
"1071",1997,6925,"N",0,32,52.462222,4.554722,"IJMUIDEN",150,41,"N",-4
"1072",1998,7007,"N",0,32,52.462222,4.554722,"IJMUIDEN",150,41,"N",78
"1073",1999,6999,"N",0,32,52.462222,4.554722,"IJMUIDEN",150,41,"N",70
"1074",2000,6996,"N",0,32,52.462222,4.554722,"IJMUIDEN",150,41,"N",67
"1075",2001,7003,"N",0,32,52.462222,4.554722,"IJMUIDEN",150,41,"N",74
"1076",2002,6992,"N",0,32,52.462222,4.554722,"IJMUIDEN",150,41,"N",63
"1077",2003,6983,"N",0,32,52.462222,4.554722,"IJMUIDEN",150,41,"N",54
"1078",2004,7002,"N",0,32,52.462222,4.554722,"IJMUIDEN",150,41,"N",73
"1079",2005,6986,"N",0,32,52.462222,4.554722,"IJMUIDEN",150,41,"N",36
"1080",2006,6985,"N",0,32,52.462222,4.554722,"IJMUIDEN",150,41,"N",35
"1081",2007,7033,"N",0,32,52.462222,4.554722,"IJMUIDEN",150,41,"N",83
"1082",2008,7005,"N",0,32,52.462222,4.554722,"IJMUIDEN",150,41,"N",55
"1083",2009,6964,"N",0,32,52.462222,4.554722,"IJMUIDEN",150,41,"N",14
"1084",2010,6952,"N",0,32,52.462222,4.554722,"IJMUIDEN",150,41,"N",2
"1085",2011,6983,"N",0,32,52.462222,4.554722,"IJMUIDEN",150,41,"N",33
"1086",2012,6977,"N",0,32,52.462222,4.554722,"IJMUIDEN",150,41,"N",27
"1087",2013,6953,"N",0,32,52.462222,4.554722,"IJMUIDEN",150,41,"N",3
"1088",2014,7000,"N",0,32,52.462222,4.554722,"IJMUIDEN",150,41,"N",50
"1089",2015,7014,"N",0,32,52.462222,4.554722,"IJMUIDEN",150,41,"N",64
"1090",2016,7007,"N",0,32,52.462222,4.554722,"IJMUIDEN",150,41,"N",57
"1091",2017,7037,"N",0,32,52.462222,4.554722,"IJMUIDEN",150,41,"N",87
"1092",2018,6969,"N",0,32,52.462222,4.554722,"IJMUIDEN",150,41,"N",19
"1093",1921,6839,"N",0,236,53.363056,5.22,"WEST-TERSCHELLING",150,11,"N",-97
"1094",1922,6836,"N",0,236,53.363056,5.22,"WEST-TERSCHELLING",150,11,"N",-100
"1095",1923,6849,"N",0,236,53.363056,5.22,"WEST-TERSCHELLING",150,11,"N",-87
"1096",1924,6830,"N",0,236,53.363056,5.22,"WEST-TERSCHELLING",150,11,"N",-106
"1097",1925,6886,"N",0,236,53.363056,5.22,"WEST-TERSCHELLING",150,11,"N",-50
"1098",1926,6865,"N",0,236,53.363056,5.22,"WEST-TERSCHELLING",150,11,"N",-71
"1099",1927,6854,"N",0,236,53.363056,5.22,"WEST-TERSCHELLING",150,11,"N",-82
"1100",1928,6878,"N",0,236,53.363056,5.22,"WEST-TERSCHELLING",150,11,"N",-58
"1101",1929,6836,"N",0,236,53.363056,5.22,"WEST-TERSCHELLING",150,11,"N",-100
"1102",1930,6865,"N",0,236,53.363056,5.22,"WEST-TERSCHELLING",150,11,"N",-71
"1103",1931,6872,"N",0,236,53.363056,5.22,"WEST-TERSCHELLING",150,11,"N",-64
"1104",1932,6872,"N",0,236,53.363056,5.22,"WEST-TERSCHELLING",150,11,"N",-64
"1105",1933,6810,"N",0,236,53.363056,5.22,"WEST-TERSCHELLING",150,11,"N",-126
"1106",1934,6842,"N",0,236,53.363056,5.22,"WEST-TERSCHELLING",150,11,"N",-94
"1107",1935,6918,"N",0,236,53.363056,5.22,"WEST-TERSCHELLING",150,11,"N",-18
"1108",1936,6908,"N",0,236,53.363056,5.22,"WEST-TERSCHELLING",150,11,"N",-28
"1109",1937,6885,"N",0,236,53.363056,5.22,"WEST-TERSCHELLING",150,11,"N",-51
"1110",1938,6908,"N",0,236,53.363056,5.22,"WEST-TERSCHELLING",150,11,"N",-28
"1111",1939,6868,"N",0,236,53.363056,5.22,"WEST-TERSCHELLING",150,11,"N",-68
"1112",1940,6884,"N",0,236,53.363056,5.22,"WEST-TERSCHELLING",150,11,"N",-52
"1113",1941,6837,"N",0,236,53.363056,5.22,"WEST-TERSCHELLING",150,11,"N",-99
"1114",1942,6848,"N",0,236,53.363056,5.22,"WEST-TERSCHELLING",150,11,"N",-88
"1115",1943,6923,"N",0,236,53.363056,5.22,"WEST-TERSCHELLING",150,11,"N",-13
"1116",1944,6924,"N",0,236,53.363056,5.22,"WEST-TERSCHELLING",150,11,"N",-12
"1117",1945,6924,"N",0,236,53.363056,5.22,"WEST-TERSCHELLING",150,11,"N",-12
"1118",1946,6906,"N",0,236,53.363056,5.22,"WEST-TERSCHELLING",150,11,"N",-30
"1119",1947,6814,"N",0,236,53.363056,5.22,"WEST-TERSCHELLING",150,11,"N",-122
"1120",1948,6909,"N",0,236,53.363056,5.22,"WEST-TERSCHELLING",150,11,"N",-27
"1121",1949,6916,"N",0,236,53.363056,5.22,"WEST-TERSCHELLING",150,11,"N",-20
"1122",1950,6917,"N",0,236,53.363056,5.22,"WEST-TERSCHELLING",150,11,"N",-19
"1123",1951,6896,"N",0,236,53.363056,5.22,"WEST-TERSCHELLING",150,11,"N",-40
"1124",1952,6946,"N",0,236,53.363056,5.22,"WEST-TERSCHELLING",150,11,"N",10
"1125",1953,6917,"N",0,236,53.363056,5.22,"WEST-TERSCHELLING",150,11,"N",-19
"1126",1954,6925,"N",0,236,53.363056,5.22,"WEST-TERSCHELLING",150,11,"N",-11
"1127",1955,6948,"N",0,236,53.363056,5.22,"WEST-TERSCHELLING",150,11,"N",12
"1128",1956,6863,"N",0,236,53.363056,5.22,"WEST-TERSCHELLING",150,11,"N",-73
"1129",1957,6889,"N",0,236,53.363056,5.22,"WEST-TERSCHELLING",150,11,"N",-47
"1130",1958,6907,"N",0,236,53.363056,5.22,"WEST-TERSCHELLING",150,11,"N",-29
"1131",1959,6868,"N",0,236,53.363056,5.22,"WEST-TERSCHELLING",150,11,"N",-68
"1132",1960,6893,"N",0,236,53.363056,5.22,"WEST-TERSCHELLING",150,11,"N",-43
"1133",1961,6915,"N",0,236,53.363056,5.22,"WEST-TERSCHELLING",150,11,"N",-21
"1134",1962,6865,"N",0,236,53.363056,5.22,"WEST-TERSCHELLING",150,11,"N",-71
"1135",1963,6814,"N",0,236,53.363056,5.22,"WEST-TERSCHELLING",150,11,"N",-122
"1136",1964,6831,"N",0,236,53.363056,5.22,"WEST-TERSCHELLING",150,11,"N",-105
"1137",1965,6904,"N",0,236,53.363056,5.22,"WEST-TERSCHELLING",150,11,"N",-32
"1138",1966,6902,"N",0,236,53.363056,5.22,"WEST-TERSCHELLING",150,11,"N",-34
"1139",1967,6937,"N",0,236,53.363056,5.22,"WEST-TERSCHELLING",150,11,"N",1
"1140",1968,6851,"N",0,236,53.363056,5.22,"WEST-TERSCHELLING",150,11,"N",-85
"1141",1969,6873,"N",0,236,53.363056,5.22,"WEST-TERSCHELLING",150,11,"N",-63
"1142",1970,6905,"N",0,236,53.363056,5.22,"WEST-TERSCHELLING",150,11,"N",-31
"1143",1971,6845,"N",0,236,53.363056,5.22,"WEST-TERSCHELLING",150,11,"N",-91
"1144",1972,6817,"N",0,236,53.363056,5.22,"WEST-TERSCHELLING",150,11,"N",-119
"1145",1973,6890,"N",0,236,53.363056,5.22,"WEST-TERSCHELLING",150,11,"N",-46
"1146",1974,6898,"N",0,236,53.363056,5.22,"WEST-TERSCHELLING",150,11,"N",-38
"1147",1975,6858,"N",0,236,53.363056,5.22,"WEST-TERSCHELLING",150,11,"N",-78
"1148",1976,6831,"N",0,236,53.363056,5.22,"WEST-TERSCHELLING",150,11,"N",-105
"1149",1977,6892,"N",0,236,53.363056,5.22,"WEST-TERSCHELLING",150,11,"N",-44
"1150",1978,6865,"N",0,236,53.363056,5.22,"WEST-TERSCHELLING",150,11,"N",-71
"1151",1979,6886,"N",0,236,53.363056,5.22,"WEST-TERSCHELLING",150,11,"N",-50
"1152",1980,6889,"N",0,236,53.363056,5.22,"WEST-TERSCHELLING",150,11,"N",-47
"1153",1981,6938,"N",0,236,53.363056,5.22,"WEST-TERSCHELLING",150,11,"N",2
"1154",1982,6951,"N",0,236,53.363056,5.22,"WEST-TERSCHELLING",150,11,"N",15
"1155",1983,6976,"N",0,236,53.363056,5.22,"WEST-TERSCHELLING",150,11,"N",40
"1156",1984,6901,"N",0,236,53.363056,5.22,"WEST-TERSCHELLING",150,11,"N",-35
"1157",1985,6907,"N",0,236,53.363056,5.22,"WEST-TERSCHELLING",150,11,"N",-29
"1158",1986,6918,"N",0,236,53.363056,5.22,"WEST-TERSCHELLING",150,11,"N",-18
"1159",1987,6907,"N",0,236,53.363056,5.22,"WEST-TERSCHELLING",150,11,"N",-29
"1160",1988,6980,"N",0,236,53.363056,5.22,"WEST-TERSCHELLING",150,11,"N",44
"1161",1989,6949,"N",0,236,53.363056,5.22,"WEST-TERSCHELLING",150,11,"N",13
"1162",1990,6987,"N",0,236,53.363056,5.22,"WEST-TERSCHELLING",150,11,"N",51
"1163",1991,6865,"N",0,236,53.363056,5.22,"WEST-TERSCHELLING",150,11,"N",-71
"1164",1992,6927,"N",0,236,53.363056,5.22,"WEST-TERSCHELLING",150,11,"N",-9
"1165",1993,6906,"N",0,236,53.363056,5.22,"WEST-TERSCHELLING",150,11,"N",-30
"1166",1994,6950,"N",0,236,53.363056,5.22,"WEST-TERSCHELLING",150,11,"N",14
"1167",1995,6949,"N",0,236,53.363056,5.22,"WEST-TERSCHELLING",150,11,"N",13
"1168",1996,6829,"N",0,236,53.363056,5.22,"WEST-TERSCHELLING",150,11,"N",-107
"1169",1997,6886,"N",0,236,53.363056,5.22,"WEST-TERSCHELLING",150,11,"N",-50
"1170",1998,6955,"N",0,236,53.363056,5.22,"WEST-TERSCHELLING",150,11,"N",19
"1171",1999,6950,"N",0,236,53.363056,5.22,"WEST-TERSCHELLING",150,11,"N",14
"1172",2000,6947,"N",0,236,53.363056,5.22,"WEST-TERSCHELLING",150,11,"N",11
"1173",2001,6938,"N",0,236,53.363056,5.22,"WEST-TERSCHELLING",150,11,"N",2
"1174",2002,6923,"N",0,236,53.363056,5.22,"WEST-TERSCHELLING",150,11,"N",-13
"1175",2003,6920,"N",0,236,53.363056,5.22,"WEST-TERSCHELLING",150,11,"N",-16
"1176",2004,6957,"N",0,236,53.363056,5.22,"WEST-TERSCHELLING",150,11,"N",21
"1177",2005,6951,"N",0,236,53.363056,5.22,"WEST-TERSCHELLING",150,11,"N",-6
"1178",2006,6964,"N",0,236,53.363056,5.22,"WEST-TERSCHELLING",150,11,"N",7
"1179",2007,7011,"N",0,236,53.363056,5.22,"WEST-TERSCHELLING",150,11,"N",54
"1180",2008,6994,"N",0,236,53.363056,5.22,"WEST-TERSCHELLING",150,11,"N",37
"1181",2009,6957,"N",0,236,53.363056,5.22,"WEST-TERSCHELLING",150,11,"N",0
"1182",2010,6937,"N",0,236,53.363056,5.22,"WEST-TERSCHELLING",150,11,"N",-20
"1183",2011,6987,"N",0,236,53.363056,5.22,"WEST-TERSCHELLING",150,11,"N",30
"1184",2012,6971,"N",0,236,53.363056,5.22,"WEST-TERSCHELLING",150,11,"N",14
"1185",2013,6939,"N",0,236,53.363056,5.22,"WEST-TERSCHELLING",150,11,"N",-18
"1186",2014,6989,"N",0,236,53.363056,5.22,"WEST-TERSCHELLING",150,11,"N",32
"1187",2015,7020,"N",0,236,53.363056,5.22,"WEST-TERSCHELLING",150,11,"N",63
"1188",2016,6995,"N",0,236,53.363056,5.22,"WEST-TERSCHELLING",150,11,"N",38
"1189",2017,7032,"N",0,236,53.363056,5.22,"WEST-TERSCHELLING",150,11,"N",75
"1190",2018,6948,"N",0,236,53.363056,5.22,"WEST-TERSCHELLING",150,11,"N",-9
